train_set,seed,phase,epoch,loss,val_loss
POCO#STANDING,0,pretrain,0,0.7181351184844971,0.8713327646255493
POCO#STANDING,0,pretrain,1,0.5458390712738037,0.821844756603241
POCO#STANDING,0,pretrain,2,0.4346704483032226,0.7548636198043823
POCO#STANDING,0,pretrain,3,0.3193766176700592,0.6430820226669312
POCO#STANDING,0,pretrain,4,0.2377583533525467,0.5171180367469788
POCO#STANDING,0,pretrain,5,0.1772017478942871,0.3840927481651306
POCO#STANDING,0,pretrain,6,0.1332770586013794,0.2806078195571899
POCO#STANDING,0,pretrain,7,0.1057600826025009,0.2155362963676452
POCO#STANDING,0,pretrain,8,0.0865003168582916,0.1750756800174713
POCO#STANDING,0,pretrain,9,0.0727164819836616,0.1519508361816406
POCO#STANDING,0,pretrain,10,0.0629263892769813,0.1379342824220657
POCO#STANDING,0,pretrain,11,0.0553849749267101,0.1303075104951858
POCO#STANDING,0,pretrain,12,0.0493987388908863,0.1250408887863159
POCO#STANDING,0,pretrain,13,0.0444977730512619,0.1222956106066703
POCO#STANDING,0,pretrain,14,0.0405576154589653,0.119339719414711
POCO#STANDING,0,pretrain,15,0.0372881852090358,0.1172322705388069
POCO#STANDING,0,pretrain,16,0.0343913547694683,0.116668976843357
POCO#STANDING,0,pretrain,17,0.0319952517747879,0.1160445436835289
POCO#STANDING,0,pretrain,18,0.0299237444996833,0.1140595450997352
POCO#STANDING,0,pretrain,19,0.0280457586050033,0.1131309494376182
POCO#STANDING,0,pretrain,20,0.0265809465199708,0.1119592636823654
POCO#STANDING,0,pretrain,21,0.0252266284078359,0.1097768619656562
POCO#STANDING,0,pretrain,22,0.0240043476223945,0.1104279533028602
POCO#STANDING,0,pretrain,23,0.0229333154857158,0.1068518534302711
POCO#STANDING,0,pretrain,24,0.0220697689801454,0.1060082465410232
POCO#STANDING,0,pretrain,25,0.0214067474007606,0.1061601117253303
POCO#STANDING,0,pretrain,26,0.0206511467695236,0.1044481098651886
POCO#STANDING,0,pretrain,27,0.0203235242515802,0.1054692044854164
POCO#STANDING,0,pretrain,28,0.0197745319455862,0.1036306992173194
POCO#STANDING,0,pretrain,29,0.0197547059506177,0.1038434281945228
POCO#STANDING,0,finetune,0,9.761469841003418,13.688427925109863
POCO#STANDING,0,finetune,1,2.127938747406006,7.511781692504883
POCO#STANDING,0,finetune,2,1.7000240087509155,4.18968391418457
POCO#STANDING,0,finetune,3,1.38016939163208,2.3678464889526367
POCO#STANDING,0,finetune,4,1.2260226011276243,1.2153784036636353
POCO#STANDING,0,finetune,5,1.1452405452728271,1.1843937635421753
POCO#STANDING,0,finetune,6,1.0184580087661743,0.6623592376708984
POCO#STANDING,0,finetune,7,0.9407973885536194,0.5516977310180664
POCO#STANDING,0,finetune,8,0.8674261569976807,0.5825011134147644
POCO#STANDING,0,finetune,9,0.7787043452262878,0.4043622314929962
POCO#STANDING,0,finetune,10,0.7753925323486328,0.4489126205444336
POCO#STANDING,0,finetune,11,0.7561689615249634,0.4001510739326477
POCO#STANDING,0,finetune,12,0.7128952145576477,0.3104826211929321
POCO#STANDING,0,finetune,13,0.6405020356178284,0.29029181599617
POCO#STANDING,0,finetune,14,0.6145044565200806,0.2904452383518219
POCO#STANDING,0,finetune,15,0.5929571986198425,0.2707052528858185
POCO#STANDING,0,finetune,16,0.5837664604187012,0.282451182603836
POCO#STANDING,0,finetune,17,0.5888149738311768,0.3335136771202087
POCO#STANDING,0,finetune,18,0.5500215888023376,0.2756077349185943
POCO#STANDING,0,finetune,19,0.5473383069038391,0.2541171610355377
POCO#STANDING,0,finetune,20,0.5313053131103516,0.277494341135025
POCO#STANDING,0,finetune,21,0.555880606174469,0.2342296987771988
POCO#STANDING,0,finetune,22,0.5160696506500244,0.2211732268333435
POCO#STANDING,0,finetune,23,0.4498210549354553,0.2311058491468429
POCO#STANDING,0,finetune,24,0.4757067859172821,0.2254557162523269
POCO#STANDING,0,finetune,25,0.4725055396556854,0.2283192723989486
POCO#STANDING,0,finetune,26,0.4814741611480713,0.2684533596038818
POCO#STANDING,0,finetune,27,0.4721260368824005,0.2276696115732193
POCO#STANDING,0,finetune,28,0.4560584425926208,0.2057948112487793
POCO#STANDING,0,finetune,29,0.4418990015983581,0.2423781305551529
POCO#STANDING,0,finetune,30,0.4577524960041046,0.2315839678049087
POCO#STANDING,0,finetune,31,0.434445321559906,0.20953468978405
POCO#STANDING,0,finetune,32,0.4294075667858124,0.1965651214122772
POCO#STANDING,0,finetune,33,0.4322763085365295,0.2153875082731247
POCO#STANDING,0,finetune,34,0.4192363917827606,0.1910656094551086
POCO#STANDING,0,finetune,35,0.4061158299446106,0.2043435275554657
POCO#STANDING,0,finetune,36,0.3842784762382507,0.2938275933265686
POCO#STANDING,0,finetune,37,0.4024960398674011,0.1806270331144333
POCO#STANDING,0,finetune,38,0.4077752828598022,0.1897548735141754
POCO#STANDING,0,finetune,39,0.3926811218261719,0.226156085729599
POCO#STANDING,1,pretrain,0,0.6768800616264343,0.9307621717453004
POCO#STANDING,1,pretrain,1,0.5230476260185242,0.8982354998588562
POCO#STANDING,1,pretrain,2,0.4302662909030914,0.8129333257675171
POCO#STANDING,1,pretrain,3,0.311016708612442,0.650351345539093
POCO#STANDING,1,pretrain,4,0.2105977982282638,0.453106939792633
POCO#STANDING,1,pretrain,5,0.1441439688205719,0.3122351467609405
POCO#STANDING,1,pretrain,6,0.1073084995150566,0.2225809842348098
POCO#STANDING,1,pretrain,7,0.0848458334803581,0.1755702793598175
POCO#STANDING,1,pretrain,8,0.0699892714619636,0.1503074616193771
POCO#STANDING,1,pretrain,9,0.0594909600913524,0.1365980356931686
POCO#STANDING,1,pretrain,10,0.0519018955528736,0.1255870014429092
POCO#STANDING,1,pretrain,11,0.0461009629070758,0.1175950616598129
POCO#STANDING,1,pretrain,12,0.0416434295475482,0.1142666637897491
POCO#STANDING,1,pretrain,13,0.0378615632653236,0.1115958765149116
POCO#STANDING,1,pretrain,14,0.0347904562950134,0.1087218448519706
POCO#STANDING,1,pretrain,15,0.0321623757481575,0.1065388172864914
POCO#STANDING,1,pretrain,16,0.0298627149313688,0.1048097684979438
POCO#STANDING,1,pretrain,17,0.0278985239565372,0.1041568741202354
POCO#STANDING,1,pretrain,18,0.0261886641383171,0.1031447723507881
POCO#STANDING,1,pretrain,19,0.0247546266764402,0.1031054332852363
POCO#STANDING,1,pretrain,20,0.0234608203172683,0.1032823473215103
POCO#STANDING,1,pretrain,21,0.0224436726421117,0.1034593433141708
POCO#STANDING,1,pretrain,22,0.0217127315700054,0.1048287525773048
POCO#STANDING,1,pretrain,23,0.0211583171039819,0.1054759547114372
POCO#STANDING,1,pretrain,24,0.0209407825022935,0.1065085306763649
POCO#STANDING,1,pretrain,25,0.0209344830363988,0.1054335236549377
POCO#STANDING,1,pretrain,26,0.0216068215668201,0.1063439100980758
POCO#STANDING,1,pretrain,27,0.0224675610661506,0.101207822561264
POCO#STANDING,1,pretrain,28,0.0224758069962263,0.0980862453579902
POCO#STANDING,1,pretrain,29,0.0213883277028799,0.1055300235748291
POCO#STANDING,1,finetune,0,8.214483261108398,11.741573333740234
POCO#STANDING,1,finetune,1,1.929943323135376,5.606768131256104
POCO#STANDING,1,finetune,2,1.517042875289917,3.019615650177002
POCO#STANDING,1,finetune,3,1.242573618888855,1.6286083459854126
POCO#STANDING,1,finetune,4,1.1245063543319702,0.6958523392677307
POCO#STANDING,1,finetune,5,0.9888716340065002,0.6105429530143738
POCO#STANDING,1,finetune,6,0.9940989017486572,0.3818983733654022
POCO#STANDING,1,finetune,7,0.9072179198265076,0.367364764213562
POCO#STANDING,1,finetune,8,0.7859506607055664,0.3628076910972595
POCO#STANDING,1,finetune,9,0.7590046525001526,0.3324505388736725
POCO#STANDING,1,finetune,10,0.6714745163917542,0.3953211009502411
POCO#STANDING,1,finetune,11,0.649321436882019,0.3047438859939575
POCO#STANDING,1,finetune,12,0.6388673186302185,0.3650178015232086
POCO#STANDING,1,finetune,13,0.6350044012069702,0.2639304399490356
POCO#STANDING,1,finetune,14,0.5849205255508423,0.3692639172077179
POCO#STANDING,1,finetune,15,0.5868914127349854,0.2891308069229126
POCO#STANDING,1,finetune,16,0.5703359842300415,0.2546680867671966
POCO#STANDING,1,finetune,17,0.5162292122840881,0.2496563047170639
POCO#STANDING,1,finetune,18,0.5102367401123047,0.2653961479663849
POCO#STANDING,1,finetune,19,0.547557532787323,0.2821770310401916
POCO#STANDING,1,finetune,20,0.527591347694397,0.3265753090381622
POCO#STANDING,1,finetune,21,0.5150328874588013,0.2456360906362533
POCO#STANDING,1,finetune,22,0.4836094379425049,0.2411773055791854
POCO#STANDING,1,finetune,23,0.4782519340515136,0.2192040979862213
POCO#STANDING,1,finetune,24,0.4695403277873993,0.2034354507923126
POCO#STANDING,1,finetune,25,0.4328590333461761,0.1901902109384536
POCO#STANDING,1,finetune,26,0.4583933055400848,0.2167961299419403
POCO#STANDING,1,finetune,27,0.4418023824691772,0.1949028521776199
POCO#STANDING,1,finetune,28,0.4197681248188019,0.2053965777158737
POCO#STANDING,1,finetune,29,0.4010730683803558,0.2058805376291275
POCO#STANDING,1,finetune,30,0.4270345270633697,0.2155916541814804
POCO#STANDING,1,finetune,31,0.4125394821166992,0.1936497539281845
POCO#STANDING,1,finetune,32,0.4059799909591675,0.1772304028272628
POCO#STANDING,1,finetune,33,0.3757627606391907,0.1670150607824325
POCO#STANDING,1,finetune,34,0.3725350797176361,0.1708380430936813
POCO#STANDING,1,finetune,35,0.3755583167076111,0.228721335530281
POCO#STANDING,1,finetune,36,0.3449816405773163,0.2232007682323455
POCO#STANDING,1,finetune,37,0.3991933763027191,0.1694472283124923
POCO#STANDING,1,finetune,38,0.3868957161903381,0.1583977341651916
POCO#STANDING,1,finetune,39,0.3911558985710144,0.1644521802663803
POCO#STANDING,2,pretrain,0,0.7228085994720459,0.8841661810874939
POCO#STANDING,2,pretrain,1,0.5488513708114624,0.8695209622383118
POCO#STANDING,2,pretrain,2,0.4681019484996795,0.792425811290741
POCO#STANDING,2,pretrain,3,0.3818130791187286,0.70391446352005
POCO#STANDING,2,pretrain,4,0.2889179587364197,0.554088294506073
POCO#STANDING,2,pretrain,5,0.2075676172971725,0.3822216689586639
POCO#STANDING,2,pretrain,6,0.1489341706037521,0.2901854217052459
POCO#STANDING,2,pretrain,7,0.1138223186135292,0.2242471128702163
POCO#STANDING,2,pretrain,8,0.0912813395261764,0.1818806380033493
POCO#STANDING,2,pretrain,9,0.0765137523412704,0.157719612121582
POCO#STANDING,2,pretrain,10,0.065383680164814,0.1448566615581512
POCO#STANDING,2,pretrain,11,0.0572302937507629,0.1362055987119674
POCO#STANDING,2,pretrain,12,0.0507581494748592,0.129396766424179
POCO#STANDING,2,pretrain,13,0.0455159433186054,0.1240200027823448
POCO#STANDING,2,pretrain,14,0.0412792079150676,0.1212788522243499
POCO#STANDING,2,pretrain,15,0.0377990007400512,0.1179359331727027
POCO#STANDING,2,pretrain,16,0.0348214916884899,0.1156349703669548
POCO#STANDING,2,pretrain,17,0.0322832427918911,0.113103799521923
POCO#STANDING,2,pretrain,18,0.0301797296851873,0.1108925715088844
POCO#STANDING,2,pretrain,19,0.0282740350812673,0.108302041888237
POCO#STANDING,2,pretrain,20,0.0265922360122203,0.1073303520679473
POCO#STANDING,2,pretrain,21,0.0252112112939357,0.105544626712799
POCO#STANDING,2,pretrain,22,0.0238514114171266,0.1041107848286628
POCO#STANDING,2,pretrain,23,0.0227278005331754,0.1030690446496009
POCO#STANDING,2,pretrain,24,0.0217209849506616,0.1022317185997963
POCO#STANDING,2,pretrain,25,0.0207816231995821,0.1027178615331649
POCO#STANDING,2,pretrain,26,0.0200916025787591,0.1015530303120613
POCO#STANDING,2,pretrain,27,0.0194293074309825,0.1009077876806259
POCO#STANDING,2,pretrain,28,0.019159510731697,0.0994526147842407
POCO#STANDING,2,pretrain,29,0.0192074123769998,0.1003380715847015
POCO#STANDING,2,finetune,0,7.723720550537109,11.478922843933104
POCO#STANDING,2,finetune,1,2.03595232963562,7.1015801429748535
POCO#STANDING,2,finetune,2,1.5845813751220703,2.715243339538574
POCO#STANDING,2,finetune,3,1.3630928993225098,1.359769344329834
POCO#STANDING,2,finetune,4,1.1954190731048584,0.8749409914016724
POCO#STANDING,2,finetune,5,1.0045021772384644,0.4489452242851257
POCO#STANDING,2,finetune,6,0.9075310230255128,0.3804060518741607
POCO#STANDING,2,finetune,7,0.8568939566612244,0.3821250200271606
POCO#STANDING,2,finetune,8,0.8211261630058289,0.3121045231819153
POCO#STANDING,2,finetune,9,0.7524742484092712,0.3091545403003692
POCO#STANDING,2,finetune,10,0.711121141910553,0.3505457043647766
POCO#STANDING,2,finetune,11,0.6609885096549988,0.4074187278747558
POCO#STANDING,2,finetune,12,0.6571575403213501,0.2792215049266815
POCO#STANDING,2,finetune,13,0.6044539213180542,0.3099129498004913
POCO#STANDING,2,finetune,14,0.5630868077278137,0.294250339269638
POCO#STANDING,2,finetune,15,0.557903528213501,0.2796830832958221
POCO#STANDING,2,finetune,16,0.5530216693878174,0.2414406538009643
POCO#STANDING,2,finetune,17,0.5118044018745422,0.2641017138957977
POCO#STANDING,2,finetune,18,0.5597126483917236,0.2664537727832794
POCO#STANDING,2,finetune,19,0.523277759552002,0.33966726064682
POCO#STANDING,2,finetune,20,0.5275404453277588,0.2316309511661529
POCO#STANDING,2,finetune,21,0.4771357476711273,0.2349790930747985
POCO#STANDING,2,finetune,22,0.4552779793739319,0.2043563574552536
POCO#STANDING,2,finetune,23,0.4482560753822326,0.220659926533699
POCO#STANDING,2,finetune,24,0.4388238489627838,0.2199272811412811
POCO#STANDING,2,finetune,25,0.4349367320537567,0.2239748984575271
POCO#STANDING,2,finetune,26,0.4515669345855713,0.2085149735212326
POCO#STANDING,2,finetune,27,0.4456474184989929,0.2049636840820312
POCO#STANDING,2,finetune,28,0.4162785708904266,0.2170440852642059
POCO#STANDING,2,finetune,29,0.4103484451770782,0.2143163383007049
POCO#STANDING,2,finetune,30,0.4126277863979339,0.1975686401128769
POCO#STANDING,2,finetune,31,0.410422682762146,0.192255362868309
POCO#STANDING,2,finetune,32,0.4160347878932953,0.1588765978813171
POCO#STANDING,2,finetune,33,0.3973255753517151,0.2004873603582382
POCO#STANDING,2,finetune,34,0.3886535763740539,0.1718656420707702
POCO#STANDING,2,finetune,35,0.3950508236885071,0.1824299395084381
POCO#STANDING,2,finetune,36,0.3716458082199096,0.1863630264997482
POCO#STANDING,2,finetune,37,0.3683068454265594,0.1876266002655029
POCO#STANDING,2,finetune,38,0.366106241941452,0.162967711687088
POCO#STANDING,2,finetune,39,0.3515209257602691,0.1654284447431564
POCO#STANDING,3,pretrain,0,0.7211666703224182,0.8992255330085754
POCO#STANDING,3,pretrain,1,0.5514895915985107,0.8556391000747681
POCO#STANDING,3,pretrain,2,0.4921924769878387,0.7843448519706726
POCO#STANDING,3,pretrain,3,0.4263812303543091,0.6740927696228027
POCO#STANDING,3,pretrain,4,0.3451652228832245,0.5385085344314575
POCO#STANDING,3,pretrain,5,0.2514920532703399,0.3908208310604095
POCO#STANDING,3,pretrain,6,0.1774756163358688,0.2924151718616485
POCO#STANDING,3,pretrain,7,0.1308628320693969,0.2239788621664047
POCO#STANDING,3,pretrain,8,0.1011259630322456,0.186599388718605
POCO#STANDING,3,pretrain,9,0.0821833908557891,0.164184421300888
POCO#STANDING,3,pretrain,10,0.0687911137938499,0.1490198820829391
POCO#STANDING,3,pretrain,11,0.0595433339476585,0.1405039280653
POCO#STANDING,3,pretrain,12,0.0519286580383777,0.1354353725910186
POCO#STANDING,3,pretrain,13,0.0460820384323596,0.130510926246643
POCO#STANDING,3,pretrain,14,0.0413639247417449,0.1277154833078384
POCO#STANDING,3,pretrain,15,0.0375169180333614,0.1238325908780098
POCO#STANDING,3,pretrain,16,0.0343633629381656,0.1221963688731193
POCO#STANDING,3,pretrain,17,0.0315902233123779,0.1196441426873207
POCO#STANDING,3,pretrain,18,0.0293172057718038,0.1184995621442794
POCO#STANDING,3,pretrain,19,0.027390394359827,0.1162475794553756
POCO#STANDING,3,pretrain,20,0.0257669147104024,0.1157658249139785
POCO#STANDING,3,pretrain,21,0.0243690349161624,0.1147812977433204
POCO#STANDING,3,pretrain,22,0.0232336446642875,0.1146769747138023
POCO#STANDING,3,pretrain,23,0.0222047343850135,0.1128948852419853
POCO#STANDING,3,pretrain,24,0.0213998593389987,0.1108091175556182
POCO#STANDING,3,pretrain,25,0.0208998806774616,0.1120363920927047
POCO#STANDING,3,pretrain,26,0.0204313434660434,0.1106867641210556
POCO#STANDING,3,pretrain,27,0.0202979110181331,0.112142838537693
POCO#STANDING,3,pretrain,28,0.0201534181833267,0.1086734011769294
POCO#STANDING,3,pretrain,29,0.0203674864023923,0.1101835221052169
POCO#STANDING,3,finetune,0,9.04684352874756,11.179730415344238
POCO#STANDING,3,finetune,1,2.089404582977295,6.497856616973877
POCO#STANDING,3,finetune,2,1.6711640357971191,3.4686594009399414
POCO#STANDING,3,finetune,3,1.396379470825195,1.854994297027588
POCO#STANDING,3,finetune,4,1.142498254776001,1.164746642112732
POCO#STANDING,3,finetune,5,1.0274920463562012,0.798154890537262
POCO#STANDING,3,finetune,6,0.991645872592926,0.5522867441177368
POCO#STANDING,3,finetune,7,0.8659840226173401,0.412540078163147
POCO#STANDING,3,finetune,8,0.7711652517318726,0.4321798384189605
POCO#STANDING,3,finetune,9,0.7607294917106628,0.4472667574882507
POCO#STANDING,3,finetune,10,0.684579074382782,0.3804654479026794
POCO#STANDING,3,finetune,11,0.6638386249542236,0.4248121380805969
POCO#STANDING,3,finetune,12,0.6569965481758118,0.3132243156433105
POCO#STANDING,3,finetune,13,0.6407367587089539,0.329357385635376
POCO#STANDING,3,finetune,14,0.5811024308204651,0.3397185802459717
POCO#STANDING,3,finetune,15,0.5590366125106812,0.3406436443328857
POCO#STANDING,3,finetune,16,0.5493660569190979,0.3938162326812744
POCO#STANDING,3,finetune,17,0.5455828905105591,0.2634581327438354
POCO#STANDING,3,finetune,18,0.5028253793716431,0.2872026860713959
POCO#STANDING,3,finetune,19,0.5099309086799622,0.2607708871364593
POCO#STANDING,3,finetune,20,0.4959836900234222,0.2602142095565796
POCO#STANDING,3,finetune,21,0.4819324612617492,0.2329553514719009
POCO#STANDING,3,finetune,22,0.4800784587860107,0.245341345667839
POCO#STANDING,3,finetune,23,0.4698003530502319,0.2580684423446655
POCO#STANDING,3,finetune,24,0.4622512459754944,0.2644725739955902
POCO#STANDING,3,finetune,25,0.4608956277370453,0.2733771800994873
POCO#STANDING,3,finetune,26,0.4340093433856964,0.2236449122428894
POCO#STANDING,3,finetune,27,0.4420264959335327,0.2903510928153991
POCO#STANDING,3,finetune,28,0.4229920506477356,0.2721873521804809
POCO#STANDING,3,finetune,29,0.4369381368160248,0.2479820847511291
POCO#STANDING,3,finetune,30,0.3828072249889374,0.2222823947668075
POCO#STANDING,3,finetune,31,0.4385034143924713,0.2401470690965652
POCO#STANDING,3,finetune,32,0.4147223532199859,0.1979146897792816
POCO#STANDING,3,finetune,33,0.3910506665706634,0.2190761417150497
POCO#STANDING,3,finetune,34,0.4209227859973907,0.2205478847026825
POCO#STANDING,3,finetune,35,0.3896365463733673,0.201324313879013
POCO#STANDING,3,finetune,36,0.3967411518096924,0.231772243976593
POCO#STANDING,3,finetune,37,0.376212477684021,0.1927233934402465
POCO#STANDING,3,finetune,38,0.3770835399627685,0.1946068704128265
POCO#STANDING,3,finetune,39,0.361551433801651,0.2049019783735275
POCO#STANDING,4,pretrain,0,0.6739691495895386,0.8635764718055725
POCO#STANDING,4,pretrain,1,0.5259970426559448,0.8109222650527954
POCO#STANDING,4,pretrain,2,0.3967857658863067,0.7350099682807922
POCO#STANDING,4,pretrain,3,0.2421344518661499,0.5871894359588623
POCO#STANDING,4,pretrain,4,0.1531784236431121,0.4406336843967438
POCO#STANDING,4,pretrain,5,0.1085108667612075,0.3219968974590301
POCO#STANDING,4,pretrain,6,0.0839109942317009,0.2364824414253235
POCO#STANDING,4,pretrain,7,0.0678022801876068,0.1862790733575821
POCO#STANDING,4,pretrain,8,0.0569467097520828,0.1578162014484405
POCO#STANDING,4,pretrain,9,0.0487367175519466,0.138217031955719
POCO#STANDING,4,pretrain,10,0.0425208918750286,0.128766268491745
POCO#STANDING,4,pretrain,11,0.0377280786633491,0.1231377199292182
POCO#STANDING,4,pretrain,12,0.0339499078691005,0.1158894151449203
POCO#STANDING,4,pretrain,13,0.0308535266667604,0.1106664091348648
POCO#STANDING,4,pretrain,14,0.0284082572907209,0.1105670928955078
POCO#STANDING,4,pretrain,15,0.026292186230421,0.1092573404312133
POCO#STANDING,4,pretrain,16,0.0245137624442577,0.1056325212121009
POCO#STANDING,4,pretrain,17,0.0229521580040454,0.103844366967678
POCO#STANDING,4,pretrain,18,0.0217007044702768,0.1023051887750625
POCO#STANDING,4,pretrain,19,0.0206670630723238,0.1002402901649475
POCO#STANDING,4,pretrain,20,0.0200063996016979,0.0997592806816101
POCO#STANDING,4,pretrain,21,0.0196452047675848,0.0969741493463516
POCO#STANDING,4,pretrain,22,0.0196169074624776,0.0989637896418571
POCO#STANDING,4,pretrain,23,0.0197541546076536,0.097925379872322
POCO#STANDING,4,pretrain,24,0.0208356603980064,0.1009416729211807
POCO#STANDING,4,pretrain,25,0.0222079548984766,0.10164525359869
POCO#STANDING,4,pretrain,26,0.0237289126962423,0.0974098443984985
POCO#STANDING,4,pretrain,27,0.0227956529706716,0.0926706716418266
POCO#STANDING,4,pretrain,28,0.0215613115578889,0.0902358144521713
POCO#STANDING,4,pretrain,29,0.0203454531729221,0.0869052112102508
POCO#STANDING,4,finetune,0,6.780796527862549,9.106496810913086
POCO#STANDING,4,finetune,1,1.6942425966262815,6.004584789276123
POCO#STANDING,4,finetune,2,1.4088587760925293,2.7621004581451416
POCO#STANDING,4,finetune,3,1.231370449066162,1.5347192287445068
POCO#STANDING,4,finetune,4,1.0617759227752686,0.9047203660011292
POCO#STANDING,4,finetune,5,0.8864604830741882,0.5740423798561096
POCO#STANDING,4,finetune,6,0.8697288036346436,0.500514805316925
POCO#STANDING,4,finetune,7,0.7761334180831909,0.4781052470207214
POCO#STANDING,4,finetune,8,0.7290374636650085,0.3780366778373718
POCO#STANDING,4,finetune,9,0.6813969016075134,0.4134460091590881
POCO#STANDING,4,finetune,10,0.6914898157119751,0.5004592537879944
POCO#STANDING,4,finetune,11,0.654261589050293,0.4663549363613128
POCO#STANDING,4,finetune,12,0.6192783117294312,0.3436395823955536
POCO#STANDING,4,finetune,13,0.5957968235015869,0.401128202676773
POCO#STANDING,4,finetune,14,0.5821864008903503,0.3273915648460388
POCO#STANDING,4,finetune,15,0.5221812129020691,0.3079273402690887
POCO#STANDING,4,finetune,16,0.4896351993083954,0.2820441424846649
POCO#STANDING,4,finetune,17,0.5231233835220337,0.2669832408428192
POCO#STANDING,4,finetune,18,0.4945247769355774,0.2742430567741394
POCO#STANDING,4,finetune,19,0.4714506864547729,0.2478957623243332
POCO#STANDING,4,finetune,20,0.4479396343231201,0.2579737305641174
POCO#STANDING,4,finetune,21,0.4705739021301269,0.2731529474258423
POCO#STANDING,4,finetune,22,0.4771987497806549,0.2916029691696167
POCO#STANDING,4,finetune,23,0.4311775863170624,0.2846884727478027
POCO#STANDING,4,finetune,24,0.4324349462985992,0.2287130355834961
POCO#STANDING,4,finetune,25,0.4447450339794159,0.2454544901847839
POCO#STANDING,4,finetune,26,0.405526727437973,0.238256573677063
POCO#STANDING,4,finetune,27,0.4013635218143463,0.2348074316978454
POCO#STANDING,4,finetune,28,0.3936355412006378,0.2328830361366272
POCO#STANDING,4,finetune,29,0.4299533665180206,0.2360852062702179
POCO#STANDING,4,finetune,30,0.3836274743080139,0.2090602368116378
POCO#STANDING,4,finetune,31,0.4109374284744262,0.2540116310119629
POCO#STANDING,4,finetune,32,0.3876410722732544,0.2029915452003479
POCO#STANDING,4,finetune,33,0.3877125382423401,0.3203079104423523
POCO#STANDING,4,finetune,34,0.3873772025108337,0.2185797095298767
POCO#STANDING,4,finetune,35,0.3718502521514892,0.2158359587192535
POCO#STANDING,4,finetune,36,0.3541459143161773,0.2794960737228393
POCO#STANDING,4,finetune,37,0.3818755447864532,0.2056057900190353
POCO#STANDING,4,finetune,38,0.3572810292243957,0.1799336075782776
POCO#STANDING,4,finetune,39,0.3603544235229492,0.1772579550743103
POCO#TRIPOD,0,pretrain,0,0.6873396039009094,0.8538123965263367
POCO#TRIPOD,0,pretrain,1,0.5160712003707886,0.8164235353469849
POCO#TRIPOD,0,pretrain,2,0.4227830171585083,0.7397462725639343
POCO#TRIPOD,0,pretrain,3,0.3149827718734741,0.6466687321662903
POCO#TRIPOD,0,pretrain,4,0.2386515736579895,0.5460972189903259
POCO#TRIPOD,0,pretrain,5,0.1872683018445968,0.4463057816028595
POCO#TRIPOD,0,pretrain,6,0.1501754969358444,0.350757360458374
POCO#TRIPOD,0,pretrain,7,0.1226580739021301,0.2812100648880005
POCO#TRIPOD,0,pretrain,8,0.1017143651843071,0.2293689101934433
POCO#TRIPOD,0,pretrain,9,0.0858206450939178,0.1969250440597534
POCO#TRIPOD,0,pretrain,10,0.0737316533923149,0.1715024560689926
POCO#TRIPOD,0,pretrain,11,0.0642578452825546,0.1594753265380859
POCO#TRIPOD,0,pretrain,12,0.0570402443408966,0.1514919102191925
POCO#TRIPOD,0,pretrain,13,0.0513221397995948,0.1438844203948974
POCO#TRIPOD,0,pretrain,14,0.0468439720571041,0.1387922018766403
POCO#TRIPOD,0,pretrain,15,0.0427909791469574,0.135452538728714
POCO#TRIPOD,0,pretrain,16,0.0395655557513237,0.1322540491819381
POCO#TRIPOD,0,pretrain,17,0.0367226190865039,0.1305290609598159
POCO#TRIPOD,0,pretrain,18,0.0343054793775081,0.1298491060733795
POCO#TRIPOD,0,pretrain,19,0.0325610935688018,0.1282985508441925
POCO#TRIPOD,0,pretrain,20,0.030853459611535,0.1289736628532409
POCO#TRIPOD,0,pretrain,21,0.0292476564645767,0.1267488747835159
POCO#TRIPOD,0,pretrain,22,0.0283670686185359,0.1276638805866241
POCO#TRIPOD,0,pretrain,23,0.0277343541383743,0.1270712316036224
POCO#TRIPOD,0,pretrain,24,0.0273232515901327,0.1278827935457229
POCO#TRIPOD,0,pretrain,25,0.0275186300277709,0.1246289610862732
POCO#TRIPOD,0,pretrain,26,0.0271425005048513,0.1292719691991806
POCO#TRIPOD,0,pretrain,27,0.026887597516179,0.1207965686917305
POCO#TRIPOD,0,pretrain,28,0.0249101798981428,0.125968337059021
POCO#TRIPOD,0,pretrain,29,0.0238899197429418,0.1185494214296341
POCO#TRIPOD,0,finetune,0,9.28547191619873,14.52371597290039
POCO#TRIPOD,0,finetune,1,2.0595099925994877,8.656660079956055
POCO#TRIPOD,0,finetune,2,1.61665940284729,4.1057448387146
POCO#TRIPOD,0,finetune,3,1.3552706241607666,2.7391586303710938
POCO#TRIPOD,0,finetune,4,1.233664631843567,1.522641658782959
POCO#TRIPOD,0,finetune,5,1.0734184980392456,1.144293189048767
POCO#TRIPOD,0,finetune,6,0.975019872188568,0.8389562964439392
POCO#TRIPOD,0,finetune,7,0.8717459440231323,0.6164182424545288
POCO#TRIPOD,0,finetune,8,0.88088059425354,0.4949302077293396
POCO#TRIPOD,0,finetune,9,0.7867576479911804,0.5243706703186035
POCO#TRIPOD,0,finetune,10,0.7933425903320312,0.5052891969680786
POCO#TRIPOD,0,finetune,11,0.7229210734367371,0.4953168332576751
POCO#TRIPOD,0,finetune,12,0.6993232369422913,0.4154906868934631
POCO#TRIPOD,0,finetune,13,0.6780723333358765,0.3036336302757263
POCO#TRIPOD,0,finetune,14,0.5758745670318604,0.3985190987586975
POCO#TRIPOD,0,finetune,15,0.6063290238380432,0.2978155314922333
POCO#TRIPOD,0,finetune,16,0.5560253858566284,0.3208138346672058
POCO#TRIPOD,0,finetune,17,0.5534705519676208,0.3540776073932647
POCO#TRIPOD,0,finetune,18,0.5474790930747986,0.3858706057071686
POCO#TRIPOD,0,finetune,19,0.5251373052597046,0.241186261177063
POCO#TRIPOD,0,finetune,20,0.5356310606002808,0.2747439444065094
POCO#TRIPOD,0,finetune,21,0.5197612643241882,0.2318522930145263
POCO#TRIPOD,0,finetune,22,0.4873915314674377,0.2287635654211044
POCO#TRIPOD,0,finetune,23,0.464987576007843,0.2289126813411712
POCO#TRIPOD,0,finetune,24,0.4816463887691498,0.2160077840089798
POCO#TRIPOD,0,finetune,25,0.4236319959163666,0.2384443283081054
POCO#TRIPOD,0,finetune,26,0.4605595469474792,0.2197941392660141
POCO#TRIPOD,0,finetune,27,0.4525242447853088,0.3262159526348114
POCO#TRIPOD,0,finetune,28,0.4121846556663513,0.3101143836975097
POCO#TRIPOD,0,finetune,29,0.4558634757995605,0.2068805694580078
POCO#TRIPOD,0,finetune,30,0.4555907249450683,0.1831764429807663
POCO#TRIPOD,0,finetune,31,0.3971157670021057,0.1910619437694549
POCO#TRIPOD,0,finetune,32,0.4074459671974182,0.2173106670379638
POCO#TRIPOD,0,finetune,33,0.4114904403686523,0.2617526650428772
POCO#TRIPOD,0,finetune,34,0.418026864528656,0.2995821237564087
POCO#TRIPOD,0,finetune,35,0.4237363934516907,0.2104825973510742
POCO#TRIPOD,0,finetune,36,0.399725079536438,0.1568045765161514
POCO#TRIPOD,0,finetune,37,0.3822689950466156,0.1752547770738601
POCO#TRIPOD,0,finetune,38,0.3994094729423523,0.1873379349708557
POCO#TRIPOD,0,finetune,39,0.3739760816097259,0.1788025796413421
POCO#TRIPOD,1,pretrain,0,0.6500701904296875,0.8790248036384583
POCO#TRIPOD,1,pretrain,1,0.5118091702461243,0.8323732614517212
POCO#TRIPOD,1,pretrain,2,0.4383037090301513,0.7898799777030945
POCO#TRIPOD,1,pretrain,3,0.3348491787910461,0.6721063256263733
POCO#TRIPOD,1,pretrain,4,0.2321666926145553,0.5059508681297302
POCO#TRIPOD,1,pretrain,5,0.1611073911190033,0.3567679822444916
POCO#TRIPOD,1,pretrain,6,0.1184411644935607,0.2647190392017364
POCO#TRIPOD,1,pretrain,7,0.0921088531613349,0.2021553814411163
POCO#TRIPOD,1,pretrain,8,0.0747091174125671,0.1697697639465332
POCO#TRIPOD,1,pretrain,9,0.063002273440361,0.1516889780759811
POCO#TRIPOD,1,pretrain,10,0.0546833761036396,0.1365516781806945
POCO#TRIPOD,1,pretrain,11,0.0483252853155136,0.1304759681224823
POCO#TRIPOD,1,pretrain,12,0.0431287065148353,0.1238683611154556
POCO#TRIPOD,1,pretrain,13,0.0390539839863777,0.1201791912317276
POCO#TRIPOD,1,pretrain,14,0.0358372814953327,0.117444634437561
POCO#TRIPOD,1,pretrain,15,0.0333149619400501,0.1150597855448722
POCO#TRIPOD,1,pretrain,16,0.0310961101204156,0.1123665273189544
POCO#TRIPOD,1,pretrain,17,0.0296457707881927,0.1103157624602317
POCO#TRIPOD,1,pretrain,18,0.0284621845930814,0.1087627932429313
POCO#TRIPOD,1,pretrain,19,0.0275953114032745,0.1076916828751564
POCO#TRIPOD,1,pretrain,20,0.0265098717063665,0.1091128513216972
POCO#TRIPOD,1,pretrain,21,0.0262671578675508,0.1031440645456314
POCO#TRIPOD,1,pretrain,22,0.0258999969810247,0.1016254723072052
POCO#TRIPOD,1,pretrain,23,0.0252025574445724,0.0965343713760376
POCO#TRIPOD,1,pretrain,24,0.0245925597846508,0.0982535928487777
POCO#TRIPOD,1,pretrain,25,0.0240548495203256,0.0937409251928329
POCO#TRIPOD,1,pretrain,26,0.0228276345878839,0.0936832278966903
POCO#TRIPOD,1,pretrain,27,0.0219440180808305,0.0905073136091232
POCO#TRIPOD,1,pretrain,28,0.0203633122146129,0.0901641324162483
POCO#TRIPOD,1,pretrain,29,0.0195362493395805,0.0901420190930366
POCO#TRIPOD,1,finetune,0,8.711203575134277,11.023028373718262
POCO#TRIPOD,1,finetune,1,1.9318418502807615,5.689719200134277
POCO#TRIPOD,1,finetune,2,1.52198588848114,3.9070096015930176
POCO#TRIPOD,1,finetune,3,1.350762963294983,2.122509002685547
POCO#TRIPOD,1,finetune,4,1.108365535736084,1.2750107049942017
POCO#TRIPOD,1,finetune,5,1.0297627449035645,1.0167516469955444
POCO#TRIPOD,1,finetune,6,0.9327711462974548,0.6603842973709106
POCO#TRIPOD,1,finetune,7,0.8781903386116028,0.6115782260894775
POCO#TRIPOD,1,finetune,8,0.8026447892189026,0.4318754076957702
POCO#TRIPOD,1,finetune,9,0.7339745759963989,0.3247583210468292
POCO#TRIPOD,1,finetune,10,0.6365992426872253,0.4194231927394867
POCO#TRIPOD,1,finetune,11,0.6216669082641602,0.3059366047382355
POCO#TRIPOD,1,finetune,12,0.6423946022987366,0.3773574233055115
POCO#TRIPOD,1,finetune,13,0.5997046828269958,0.2724071443080902
POCO#TRIPOD,1,finetune,14,0.5792879462242126,0.2778564691543579
POCO#TRIPOD,1,finetune,15,0.5168262124061584,0.3055452108383178
POCO#TRIPOD,1,finetune,16,0.5162212252616882,0.3485820591449737
POCO#TRIPOD,1,finetune,17,0.5592142939567566,0.2502166926860809
POCO#TRIPOD,1,finetune,18,0.4922394752502441,0.2677088975906372
POCO#TRIPOD,1,finetune,19,0.4353480041027069,0.3535385727882385
POCO#TRIPOD,1,finetune,20,0.475044697523117,0.2518347799777984
POCO#TRIPOD,1,finetune,21,0.4700475037097931,0.2753936052322387
POCO#TRIPOD,1,finetune,22,0.4508216679096222,0.1988624632358551
POCO#TRIPOD,1,finetune,23,0.4300173223018646,0.2312192469835281
POCO#TRIPOD,1,finetune,24,0.4486508965492248,0.2659398317337036
POCO#TRIPOD,1,finetune,25,0.4159381091594696,0.178501546382904
POCO#TRIPOD,1,finetune,26,0.410908579826355,0.2222590446472168
POCO#TRIPOD,1,finetune,27,0.4073849320411682,0.2145387828350067
POCO#TRIPOD,1,finetune,28,0.4133266806602478,0.1675575375556945
POCO#TRIPOD,1,finetune,29,0.3876406550407409,0.1415298730134964
POCO#TRIPOD,1,finetune,30,0.3667559921741485,0.1633257269859314
POCO#TRIPOD,1,finetune,31,0.3924841284751892,0.2815011739730835
POCO#TRIPOD,1,finetune,32,0.3642283678054809,0.1614122092723846
POCO#TRIPOD,1,finetune,33,0.3678978085517883,0.134416401386261
POCO#TRIPOD,1,finetune,34,0.3567442297935486,0.1232884675264358
POCO#TRIPOD,1,finetune,35,0.3612934350967407,0.1755146533250808
POCO#TRIPOD,1,finetune,36,0.3670745491981506,0.1487927138805389
POCO#TRIPOD,1,finetune,37,0.3498102128505707,0.1208991557359695
POCO#TRIPOD,1,finetune,38,0.3553138375282287,0.1234452724456787
POCO#TRIPOD,1,finetune,39,0.3633149862289428,0.1634376347064972
POCO#TRIPOD,2,pretrain,0,0.7080883979797363,0.8836877942085266
POCO#TRIPOD,2,pretrain,1,0.53166663646698,0.8559117913246155
POCO#TRIPOD,2,pretrain,2,0.4687662422657013,0.8068076968193054
POCO#TRIPOD,2,pretrain,3,0.398104578256607,0.7261547446250916
POCO#TRIPOD,2,pretrain,4,0.324751615524292,0.6099076271057129
POCO#TRIPOD,2,pretrain,5,0.2534615993499756,0.4779081642627716
POCO#TRIPOD,2,pretrain,6,0.1933072507381439,0.3635933995246887
POCO#TRIPOD,2,pretrain,7,0.1509951800107956,0.2852092087268829
POCO#TRIPOD,2,pretrain,8,0.1204776391386985,0.230973407626152
POCO#TRIPOD,2,pretrain,9,0.0997715890407562,0.1935388594865799
POCO#TRIPOD,2,pretrain,10,0.0840753614902496,0.1717686951160431
POCO#TRIPOD,2,pretrain,11,0.0720861181616783,0.1621906012296676
POCO#TRIPOD,2,pretrain,12,0.0635903924703598,0.1513104438781738
POCO#TRIPOD,2,pretrain,13,0.0567747578024864,0.1465748399496078
POCO#TRIPOD,2,pretrain,14,0.0510454811155796,0.1421213746070861
POCO#TRIPOD,2,pretrain,15,0.0469471327960491,0.138067677617073
POCO#TRIPOD,2,pretrain,16,0.0426376946270465,0.1340270191431045
POCO#TRIPOD,2,pretrain,17,0.0395680181682109,0.1310989111661911
POCO#TRIPOD,2,pretrain,18,0.0369675979018211,0.1294217705726623
POCO#TRIPOD,2,pretrain,19,0.0352193228900432,0.1303879618644714
POCO#TRIPOD,2,pretrain,20,0.0340026803314685,0.1254457831382751
POCO#TRIPOD,2,pretrain,21,0.0321398079395294,0.1268896162509918
POCO#TRIPOD,2,pretrain,22,0.0299062319099903,0.122048296034336
POCO#TRIPOD,2,pretrain,23,0.0285372901707887,0.1279659122228622
POCO#TRIPOD,2,pretrain,24,0.0274335891008377,0.1192187964916229
POCO#TRIPOD,2,pretrain,25,0.0262383762747049,0.1233788281679153
POCO#TRIPOD,2,pretrain,26,0.0255968309938907,0.1171541959047317
POCO#TRIPOD,2,pretrain,27,0.025183480232954,0.1229758858680725
POCO#TRIPOD,2,pretrain,28,0.0248450469225645,0.1191419586539268
POCO#TRIPOD,2,pretrain,29,0.0242762695997953,0.1193709447979927
POCO#TRIPOD,2,finetune,0,8.14391040802002,9.825291633605955
POCO#TRIPOD,2,finetune,1,2.0618934631347656,5.9294962882995605
POCO#TRIPOD,2,finetune,2,1.5353248119354248,2.957251071929932
POCO#TRIPOD,2,finetune,3,1.4127196073532104,2.1049299240112305
POCO#TRIPOD,2,finetune,4,1.2080568075180054,1.212138056755066
POCO#TRIPOD,2,finetune,5,1.100799322128296,0.8252599239349365
POCO#TRIPOD,2,finetune,6,0.9682007431983948,0.5762631297111511
POCO#TRIPOD,2,finetune,7,0.94008606672287,0.4435173571109772
POCO#TRIPOD,2,finetune,8,0.8132377862930298,0.4891429841518402
POCO#TRIPOD,2,finetune,9,0.7494342923164368,0.5359886288642883
POCO#TRIPOD,2,finetune,10,0.7164139151573181,0.3555978834629059
POCO#TRIPOD,2,finetune,11,0.6752279996871948,0.3804745674133301
POCO#TRIPOD,2,finetune,12,0.6573214530944824,0.3025762736797333
POCO#TRIPOD,2,finetune,13,0.6144260168075562,0.2679703533649444
POCO#TRIPOD,2,finetune,14,0.6004510521888733,0.2335567474365234
POCO#TRIPOD,2,finetune,15,0.5644057989120483,0.2383074015378952
POCO#TRIPOD,2,finetune,16,0.542528510093689,0.2634170353412628
POCO#TRIPOD,2,finetune,17,0.524075448513031,0.3182859122753143
POCO#TRIPOD,2,finetune,18,0.5160209536552429,0.2383678406476974
POCO#TRIPOD,2,finetune,19,0.5090984106063843,0.2281997501850128
POCO#TRIPOD,2,finetune,20,0.4729623198509216,0.1897906064987182
POCO#TRIPOD,2,finetune,21,0.4873422980308532,0.2973853945732116
POCO#TRIPOD,2,finetune,22,0.4723340272903442,0.248785525560379
POCO#TRIPOD,2,finetune,23,0.4586160480976105,0.1913982331752777
POCO#TRIPOD,2,finetune,24,0.4337468445301056,0.1865695863962173
POCO#TRIPOD,2,finetune,25,0.4419865310192108,0.1887583434581756
POCO#TRIPOD,2,finetune,26,0.427887499332428,0.2175828516483307
POCO#TRIPOD,2,finetune,27,0.4022079408168793,0.1956245452165603
POCO#TRIPOD,2,finetune,28,0.4217671751976013,0.1644985079765319
POCO#TRIPOD,2,finetune,29,0.4222373068332672,0.1748758256435394
POCO#TRIPOD,2,finetune,30,0.3872316479682922,0.1830503344535827
POCO#TRIPOD,2,finetune,31,0.3897882997989654,0.1829660385847091
POCO#TRIPOD,2,finetune,32,0.4064698219299316,0.2258335202932357
POCO#TRIPOD,2,finetune,33,0.3800608813762665,0.1637682169675827
POCO#TRIPOD,2,finetune,34,0.402725487947464,0.1552674770355224
POCO#TRIPOD,2,finetune,35,0.3548527956008911,0.1506511867046356
POCO#TRIPOD,2,finetune,36,0.3650065064430237,0.1433005332946777
POCO#TRIPOD,2,finetune,37,0.3903316259384155,0.120086058974266
POCO#TRIPOD,2,finetune,38,0.3804933428764343,0.1321432590484619
POCO#TRIPOD,2,finetune,39,0.3654519319534302,0.1801805198192596
POCO#TRIPOD,3,pretrain,0,0.7073809504508972,0.8898628354072571
POCO#TRIPOD,3,pretrain,1,0.5229573249816895,0.8604838252067566
POCO#TRIPOD,3,pretrain,2,0.4717716872692108,0.8039426207542419
POCO#TRIPOD,3,pretrain,3,0.4194452464580536,0.7243555784225464
POCO#TRIPOD,3,pretrain,4,0.3616631925106048,0.6389164328575134
POCO#TRIPOD,3,pretrain,5,0.289765328168869,0.5055477023124695
POCO#TRIPOD,3,pretrain,6,0.212713211774826,0.3746806383132934
POCO#TRIPOD,3,pretrain,7,0.1566572040319442,0.2938104271888733
POCO#TRIPOD,3,pretrain,8,0.1195942237973213,0.2339366972446441
POCO#TRIPOD,3,pretrain,9,0.0954164490103721,0.196296289563179
POCO#TRIPOD,3,pretrain,10,0.0787017196416854,0.1763609051704406
POCO#TRIPOD,3,pretrain,11,0.0668116733431816,0.1648897379636764
POCO#TRIPOD,3,pretrain,12,0.0583484359085559,0.1518249064683914
POCO#TRIPOD,3,pretrain,13,0.0517648756504058,0.146592378616333
POCO#TRIPOD,3,pretrain,14,0.0464311689138412,0.1440010517835617
POCO#TRIPOD,3,pretrain,15,0.0423738621175289,0.1396418660879135
POCO#TRIPOD,3,pretrain,16,0.0387180149555206,0.1361477524042129
POCO#TRIPOD,3,pretrain,17,0.0360101386904716,0.1341979950666427
POCO#TRIPOD,3,pretrain,18,0.033557541668415,0.1328309923410415
POCO#TRIPOD,3,pretrain,19,0.0316872708499431,0.1321668326854705
POCO#TRIPOD,3,pretrain,20,0.0300263203680515,0.1302331537008285
POCO#TRIPOD,3,pretrain,21,0.0284994151443243,0.1281388252973556
POCO#TRIPOD,3,pretrain,22,0.027376864105463,0.1294989585876464
POCO#TRIPOD,3,pretrain,23,0.0265616420656442,0.1288291960954666
POCO#TRIPOD,3,pretrain,24,0.0257189255207777,0.1263927966356277
POCO#TRIPOD,3,pretrain,25,0.0248756911605596,0.1238656416535377
POCO#TRIPOD,3,pretrain,26,0.0245320592075586,0.1259851902723312
POCO#TRIPOD,3,pretrain,27,0.0241006650030612,0.1214962676167488
POCO#TRIPOD,3,pretrain,28,0.0243660416454076,0.1236078143119812
POCO#TRIPOD,3,pretrain,29,0.0241884123533964,0.1197511404752731
POCO#TRIPOD,3,finetune,0,8.117341995239258,12.447595596313477
POCO#TRIPOD,3,finetune,1,2.14068603515625,5.507900714874268
POCO#TRIPOD,3,finetune,2,1.5531519651412964,2.791726589202881
POCO#TRIPOD,3,finetune,3,1.376779317855835,1.785061240196228
POCO#TRIPOD,3,finetune,4,1.1769239902496338,0.8346959352493286
POCO#TRIPOD,3,finetune,5,1.0201317071914673,1.2731837034225464
POCO#TRIPOD,3,finetune,6,0.9571112394332886,0.7315462827682495
POCO#TRIPOD,3,finetune,7,0.9221469163894652,0.5541679263114929
POCO#TRIPOD,3,finetune,8,0.8554723262786865,0.3636768758296966
POCO#TRIPOD,3,finetune,9,0.7380445599555969,0.3411043286323547
POCO#TRIPOD,3,finetune,10,0.6981077194213867,0.3557812571525574
POCO#TRIPOD,3,finetune,11,0.6698107123374939,0.3132094740867615
POCO#TRIPOD,3,finetune,12,0.6593960523605347,0.2933945655822754
POCO#TRIPOD,3,finetune,13,0.6071128249168396,0.2869895100593567
POCO#TRIPOD,3,finetune,14,0.5783801674842834,0.2560752630233764
POCO#TRIPOD,3,finetune,15,0.5687978267669678,0.2581709027290344
POCO#TRIPOD,3,finetune,16,0.5121729373931885,0.2626174688339233
POCO#TRIPOD,3,finetune,17,0.5331217050552368,0.2358960658311844
POCO#TRIPOD,3,finetune,18,0.514729380607605,0.2661177515983581
POCO#TRIPOD,3,finetune,19,0.4806583225727081,0.2394383400678634
POCO#TRIPOD,3,finetune,20,0.4636228680610657,0.2998908758163452
POCO#TRIPOD,3,finetune,21,0.4622533321380615,0.2701191306114197
POCO#TRIPOD,3,finetune,22,0.4881225824356079,0.2581543624401092
POCO#TRIPOD,3,finetune,23,0.447778582572937,0.2006799727678299
POCO#TRIPOD,3,finetune,24,0.4339975714683532,0.1996709555387497
POCO#TRIPOD,3,finetune,25,0.4112704992294311,0.2001901566982269
POCO#TRIPOD,3,finetune,26,0.4238889217376709,0.2360167205333709
POCO#TRIPOD,3,finetune,27,0.4307741820812225,0.2526024281978607
POCO#TRIPOD,3,finetune,28,0.4120776951313019,0.2177710533142089
POCO#TRIPOD,3,finetune,29,0.4133708775043487,0.1808903515338897
POCO#TRIPOD,3,finetune,30,0.3919622302055359,0.2476039975881576
POCO#TRIPOD,3,finetune,31,0.3894976079463959,0.2052052915096283
POCO#TRIPOD,3,finetune,32,0.3809166848659515,0.1760478764772415
POCO#TRIPOD,3,finetune,33,0.3567038178443908,0.2094501405954361
POCO#TRIPOD,3,finetune,34,0.3645525276660919,0.185956209897995
POCO#TRIPOD,3,finetune,35,0.3701421320438385,0.1891234070062637
POCO#TRIPOD,3,finetune,36,0.3770058453083038,0.237186849117279
POCO#TRIPOD,3,finetune,37,0.3655777275562286,0.1745078563690185
POCO#TRIPOD,3,finetune,38,0.3628718554973602,0.2037774920463562
POCO#TRIPOD,3,finetune,39,0.3572853505611419,0.1782682836055755
POCO#TRIPOD,4,pretrain,0,0.6447991728782654,0.8720496892929077
POCO#TRIPOD,4,pretrain,1,0.5020415186882019,0.8320238590240479
POCO#TRIPOD,4,pretrain,2,0.3964312672615051,0.7647740840911865
POCO#TRIPOD,4,pretrain,3,0.2601743340492248,0.6184414625167847
POCO#TRIPOD,4,pretrain,4,0.1721037477254867,0.4516582190990448
POCO#TRIPOD,4,pretrain,5,0.1234939023852348,0.3445031940937042
POCO#TRIPOD,4,pretrain,6,0.0953047573566436,0.2547997832298279
POCO#TRIPOD,4,pretrain,7,0.0772497802972793,0.2046495378017425
POCO#TRIPOD,4,pretrain,8,0.0647826045751571,0.1685764789581298
POCO#TRIPOD,4,pretrain,9,0.0559784136712551,0.147242933511734
POCO#TRIPOD,4,pretrain,10,0.0492138750851154,0.1300639659166336
POCO#TRIPOD,4,pretrain,11,0.0437873303890228,0.1251298636198043
POCO#TRIPOD,4,pretrain,12,0.0396555326879024,0.1199747771024704
POCO#TRIPOD,4,pretrain,13,0.0362427234649658,0.1181516125798225
POCO#TRIPOD,4,pretrain,14,0.0336849950253963,0.1142166405916214
POCO#TRIPOD,4,pretrain,15,0.0315747521817684,0.1167147234082222
POCO#TRIPOD,4,pretrain,16,0.0318495519459247,0.1104275956749916
POCO#TRIPOD,4,pretrain,17,0.029632294550538,0.1127976104617118
POCO#TRIPOD,4,pretrain,18,0.0283261630684137,0.1095208898186683
POCO#TRIPOD,4,pretrain,19,0.0261206626892089,0.1134778559207916
POCO#TRIPOD,4,pretrain,20,0.0247011538594961,0.1077980101108551
POCO#TRIPOD,4,pretrain,21,0.0238205436617136,0.1118908375501632
POCO#TRIPOD,4,pretrain,22,0.02366354316473,0.1098273918032646
POCO#TRIPOD,4,pretrain,23,0.0236113853752613,0.1104776635766029
POCO#TRIPOD,4,pretrain,24,0.0228112637996673,0.110118344426155
POCO#TRIPOD,4,pretrain,25,0.0225889887660741,0.1041843518614769
POCO#TRIPOD,4,pretrain,26,0.0222312174737453,0.1076034680008888
POCO#TRIPOD,4,pretrain,27,0.022142581641674,0.1053598746657371
POCO#TRIPOD,4,pretrain,28,0.0215479768812656,0.1010474562644958
POCO#TRIPOD,4,pretrain,29,0.0208435431122779,0.1019593849778175
POCO#TRIPOD,4,finetune,0,7.239619731903076,12.989219665527344
POCO#TRIPOD,4,finetune,1,1.8050428628921509,6.70893669128418
POCO#TRIPOD,4,finetune,2,1.4240362644195557,4.47463321685791
POCO#TRIPOD,4,finetune,3,1.282425045967102,2.351918935775757
POCO#TRIPOD,4,finetune,4,1.072012424468994,1.7799556255340576
POCO#TRIPOD,4,finetune,5,0.9307957887649536,1.320542812347412
POCO#TRIPOD,4,finetune,6,0.9077091813087464,0.6945435404777527
POCO#TRIPOD,4,finetune,7,0.8557378053665161,0.5141629576683044
POCO#TRIPOD,4,finetune,8,0.7495417594909668,0.4378544092178345
POCO#TRIPOD,4,finetune,9,0.7152736783027649,0.5040562748908997
POCO#TRIPOD,4,finetune,10,0.6854982376098633,0.4944896996021271
POCO#TRIPOD,4,finetune,11,0.6392836570739746,0.2800792157649994
POCO#TRIPOD,4,finetune,12,0.6104124784469604,0.3098669052124023
POCO#TRIPOD,4,finetune,13,0.6245713829994202,0.353721559047699
POCO#TRIPOD,4,finetune,14,0.5828295350074768,0.2495581358671188
POCO#TRIPOD,4,finetune,15,0.5623378753662109,0.2475209832191467
POCO#TRIPOD,4,finetune,16,0.518058180809021,0.253802090883255
POCO#TRIPOD,4,finetune,17,0.5025400519371033,0.2287925034761428
POCO#TRIPOD,4,finetune,18,0.5115770697593689,0.2440542727708816
POCO#TRIPOD,4,finetune,19,0.5009307265281677,0.2065157145261764
POCO#TRIPOD,4,finetune,20,0.4572087824344635,0.2370632588863372
POCO#TRIPOD,4,finetune,21,0.4742920696735382,0.1998052448034286
POCO#TRIPOD,4,finetune,22,0.4314602017402649,0.2184013873338699
POCO#TRIPOD,4,finetune,23,0.427047848701477,0.3042457103729248
POCO#TRIPOD,4,finetune,24,0.4091706573963165,0.221930980682373
POCO#TRIPOD,4,finetune,25,0.4315624535083771,0.1626983433961868
POCO#TRIPOD,4,finetune,26,0.4183840155601501,0.2208913117647171
POCO#TRIPOD,4,finetune,27,0.4045097231864929,0.1637688726186752
POCO#TRIPOD,4,finetune,28,0.4270448088645935,0.1572670936584472
POCO#TRIPOD,4,finetune,29,0.3867343962192535,0.1779428422451019
POCO#TRIPOD,4,finetune,30,0.3741966187953949,0.1478672176599502
POCO#TRIPOD,4,finetune,31,0.3996060490608215,0.1402194052934646
POCO#TRIPOD,4,finetune,32,0.4000365436077118,0.1236654818058013
POCO#TRIPOD,4,finetune,33,0.386856198310852,0.1600422412157058
POCO#TRIPOD,4,finetune,34,0.3542607426643371,0.1489461958408355
POCO#TRIPOD,4,finetune,35,0.3913838863372803,0.1426776796579361
POCO#TRIPOD,4,finetune,36,0.378484308719635,0.1488936096429824
POCO#TRIPOD,4,finetune,37,0.3596780598163605,0.1456319540739059
POCO#TRIPOD,4,finetune,38,0.3647630512714386,0.13462695479393
POCO#TRIPOD,4,finetune,39,0.3482000529766083,0.1455912590026855
SAMSUNG#STANDING,0,pretrain,0,0.1622092574834823,0.7530957460403442
SAMSUNG#STANDING,0,pretrain,1,0.0463045202195644,0.6140052080154419
SAMSUNG#STANDING,0,pretrain,2,0.0383656211197376,0.4615573287010193
SAMSUNG#STANDING,0,pretrain,3,0.0340446941554546,0.319986492395401
SAMSUNG#STANDING,0,pretrain,4,0.0312317870557308,0.2131341844797134
SAMSUNG#STANDING,0,pretrain,5,0.0289750359952449,0.1432500332593917
SAMSUNG#STANDING,0,pretrain,6,0.0270236562937498,0.092239923775196
SAMSUNG#STANDING,0,pretrain,7,0.0253933202475309,0.0654968917369842
SAMSUNG#STANDING,0,pretrain,8,0.0237764716148376,0.0475525222718715
SAMSUNG#STANDING,0,pretrain,9,0.0227067042142152,0.0447484217584133
SAMSUNG#STANDING,0,pretrain,10,0.0217898003756999,0.0382034704089164
SAMSUNG#STANDING,0,pretrain,11,0.0212146267294883,0.0390757471323013
SAMSUNG#STANDING,0,pretrain,12,0.020095182582736,0.0373166054487228
SAMSUNG#STANDING,0,pretrain,13,0.0187034383416175,0.0372648276388645
SAMSUNG#STANDING,0,pretrain,14,0.0175762027502059,0.0380457527935504
SAMSUNG#STANDING,0,pretrain,15,0.0161885879933834,0.0341361463069915
SAMSUNG#STANDING,0,pretrain,16,0.0146801881492137,0.0335228480398654
SAMSUNG#STANDING,0,pretrain,17,0.0136158876121044,0.0348282419145107
SAMSUNG#STANDING,0,pretrain,18,0.0133577277883887,0.034686479717493
SAMSUNG#STANDING,0,pretrain,19,0.0129789318889379,0.0409823134541511
SAMSUNG#STANDING,0,pretrain,20,0.0129214255139231,0.0352139472961425
SAMSUNG#STANDING,0,pretrain,21,0.0130197023972868,0.0376086011528968
SAMSUNG#STANDING,0,pretrain,22,0.0118556814268231,0.0332407504320144
SAMSUNG#STANDING,0,pretrain,23,0.0107398126274347,0.0322705209255218
SAMSUNG#STANDING,0,pretrain,24,0.0102505953982472,0.031471598893404
SAMSUNG#STANDING,0,pretrain,25,0.00992426648736,0.0318883210420608
SAMSUNG#STANDING,0,pretrain,26,0.0098076341673731,0.0322110392153263
SAMSUNG#STANDING,0,pretrain,27,0.0097074946388602,0.0313299559056758
SAMSUNG#STANDING,0,pretrain,28,0.0093924859538674,0.0305919833481311
SAMSUNG#STANDING,0,pretrain,29,0.0089315408840775,0.0317023247480392
SAMSUNG#STANDING,0,finetune,0,6.368967533111572,14.677353858947754
SAMSUNG#STANDING,0,finetune,1,1.5321382284164429,7.349562644958496
SAMSUNG#STANDING,0,finetune,2,1.2215157747268677,3.720125675201416
SAMSUNG#STANDING,0,finetune,3,1.0654544830322266,2.011543035507202
SAMSUNG#STANDING,0,finetune,4,0.9337589144706726,1.2749241590499878
SAMSUNG#STANDING,0,finetune,5,0.8364424109458923,0.9041470885276794
SAMSUNG#STANDING,0,finetune,6,0.8005087971687317,0.5453788042068481
SAMSUNG#STANDING,0,finetune,7,0.7550143599510193,0.5550394654273987
SAMSUNG#STANDING,0,finetune,8,0.6796064376831055,0.468434065580368
SAMSUNG#STANDING,0,finetune,9,0.6318120956420898,0.1393994241952896
SAMSUNG#STANDING,0,finetune,10,0.5985841155052185,0.3448084890842438
SAMSUNG#STANDING,0,finetune,11,0.6296677589416504,0.236601784825325
SAMSUNG#STANDING,0,finetune,12,0.562425434589386,0.2186091095209121
SAMSUNG#STANDING,0,finetune,13,0.5708547830581665,0.292574793100357
SAMSUNG#STANDING,0,finetune,14,0.5040190815925598,0.1510702222585678
SAMSUNG#STANDING,0,finetune,15,0.5217387080192566,0.2364796698093414
SAMSUNG#STANDING,0,finetune,16,0.4995840191841125,0.2100564241409301
SAMSUNG#STANDING,0,finetune,17,0.4869028627872467,0.2432600855827331
SAMSUNG#STANDING,1,pretrain,0,0.1430653631687164,0.7686537504196167
SAMSUNG#STANDING,1,pretrain,1,0.0465013645589351,0.6228708624839783
SAMSUNG#STANDING,1,pretrain,2,0.0387576594948768,0.4763124883174896
SAMSUNG#STANDING,1,pretrain,3,0.0343860685825347,0.3404512703418731
SAMSUNG#STANDING,1,pretrain,4,0.0314244292676448,0.2267060726881027
SAMSUNG#STANDING,1,pretrain,5,0.028986508026719,0.1463946402072906
SAMSUNG#STANDING,1,pretrain,6,0.0270320456475019,0.0978628769516944
SAMSUNG#STANDING,1,pretrain,7,0.0253046602010726,0.0685714036226272
SAMSUNG#STANDING,1,pretrain,8,0.0237570628523826,0.0541534535586833
SAMSUNG#STANDING,1,pretrain,9,0.022446347400546,0.0473296456038951
SAMSUNG#STANDING,1,pretrain,10,0.0212865602225065,0.0405907966196537
SAMSUNG#STANDING,1,pretrain,11,0.0202193930745124,0.0405468940734863
SAMSUNG#STANDING,1,pretrain,12,0.0194610189646482,0.0412200577557086
SAMSUNG#STANDING,1,pretrain,13,0.0187316052615642,0.0385074280202388
SAMSUNG#STANDING,1,pretrain,14,0.0180000681430101,0.0404953807592392
SAMSUNG#STANDING,1,pretrain,15,0.016921330243349,0.0376517549157142
SAMSUNG#STANDING,1,pretrain,16,0.0162044763565063,0.0410585589706897
SAMSUNG#STANDING,1,pretrain,17,0.0153238484635949,0.0395397692918777
SAMSUNG#STANDING,1,pretrain,18,0.0148696638643741,0.0383550822734832
SAMSUNG#STANDING,1,pretrain,19,0.0143285198137164,0.041121955960989
SAMSUNG#STANDING,1,pretrain,20,0.0144596388563513,0.0396402217447757
SAMSUNG#STANDING,1,pretrain,21,0.0143710803240537,0.0376482717692852
SAMSUNG#STANDING,1,pretrain,22,0.0133007382974028,0.0382713377475738
SAMSUNG#STANDING,1,pretrain,23,0.0120748532935976,0.0359192267060279
SAMSUNG#STANDING,1,pretrain,24,0.0113459508866071,0.0390216708183288
SAMSUNG#STANDING,1,pretrain,25,0.0109389061108231,0.0354540906846523
SAMSUNG#STANDING,1,pretrain,26,0.0108394958078861,0.0351028740406036
SAMSUNG#STANDING,1,pretrain,27,0.0108373146504163,0.0374395549297332
SAMSUNG#STANDING,1,pretrain,28,0.0108229788020253,0.0349750556051731
SAMSUNG#STANDING,1,pretrain,29,0.0104251727461814,0.0354323349893093
SAMSUNG#STANDING,1,finetune,0,5.780825138092041,11.070687294006348
SAMSUNG#STANDING,1,finetune,1,1.4248359203338623,6.2852559089660645
SAMSUNG#STANDING,1,finetune,2,1.2101956605911257,3.752135753631592
SAMSUNG#STANDING,1,finetune,3,0.9722705483436584,1.7471809387207031
SAMSUNG#STANDING,1,finetune,4,0.8942327499389648,0.9568442702293396
SAMSUNG#STANDING,1,finetune,5,0.8125364780426025,0.3993886411190033
SAMSUNG#STANDING,1,finetune,6,0.7621740698814392,0.4299872815608978
SAMSUNG#STANDING,1,finetune,7,0.6903278827667236,0.4378916919231415
SAMSUNG#STANDING,1,finetune,8,0.6534130573272705,0.2553980648517608
SAMSUNG#STANDING,1,finetune,9,0.6087124943733215,0.2087015062570572
SAMSUNG#STANDING,1,finetune,10,0.5583364963531494,0.2078658640384674
SAMSUNG#STANDING,1,finetune,11,0.5572671890258789,0.2461600750684738
SAMSUNG#STANDING,1,finetune,12,0.5645057559013367,0.1793863326311111
SAMSUNG#STANDING,1,finetune,13,0.5425153374671936,0.2531944811344147
SAMSUNG#STANDING,1,finetune,14,0.5038893222808838,0.2116882354021072
SAMSUNG#STANDING,1,finetune,15,0.5270364880561829,0.3237209618091583
SAMSUNG#STANDING,1,finetune,16,0.4725589752197265,0.2546433508396148
SAMSUNG#STANDING,1,finetune,17,0.4731670618057251,0.2057040184736251
SAMSUNG#STANDING,1,finetune,18,0.4526289403438568,0.2220896333456039
SAMSUNG#STANDING,1,finetune,19,0.4488587081432342,0.1725933849811554
SAMSUNG#STANDING,1,finetune,20,0.4611537158489227,0.2580672204494476
SAMSUNG#STANDING,1,finetune,21,0.4101526439189911,0.1550130546092987
SAMSUNG#STANDING,1,finetune,22,0.4320369660854339,0.1186921596527099
SAMSUNG#STANDING,1,finetune,23,0.4197224676609039,0.1305856704711914
SAMSUNG#STANDING,1,finetune,24,0.3998372554779053,0.22091706097126
SAMSUNG#STANDING,1,finetune,25,0.4204483032226562,0.2187106758356094
SAMSUNG#STANDING,1,finetune,26,0.4043296575546264,0.1461631208658218
SAMSUNG#STANDING,1,finetune,27,0.4091629683971405,0.1457089036703109
SAMSUNG#STANDING,1,finetune,28,0.4182817935943603,0.172613576054573
SAMSUNG#STANDING,1,finetune,29,0.392869770526886,0.1469971090555191
SAMSUNG#STANDING,1,finetune,30,0.3562078773975372,0.1777336746454239
SAMSUNG#STANDING,2,pretrain,0,0.1868569701910019,0.768277108669281
SAMSUNG#STANDING,2,pretrain,1,0.0546334534883499,0.6308191418647766
SAMSUNG#STANDING,2,pretrain,2,0.0442755557596683,0.4852872192859649
SAMSUNG#STANDING,2,pretrain,3,0.0391533784568309,0.3433012068271637
SAMSUNG#STANDING,2,pretrain,4,0.0356716588139534,0.229659616947174
SAMSUNG#STANDING,2,pretrain,5,0.033059611916542,0.1431868225336074
SAMSUNG#STANDING,2,pretrain,6,0.0309427753090858,0.0868420004844665
SAMSUNG#STANDING,2,pretrain,7,0.0289914086461067,0.0559972114861011
SAMSUNG#STANDING,2,pretrain,8,0.0272408444434404,0.0411287583410739
SAMSUNG#STANDING,2,pretrain,9,0.0258257929235696,0.031339306384325
SAMSUNG#STANDING,2,pretrain,10,0.0243460014462471,0.0277127753943204
SAMSUNG#STANDING,2,pretrain,11,0.0234702434390783,0.0252542048692703
SAMSUNG#STANDING,2,pretrain,12,0.0227920413017272,0.0251324195414781
SAMSUNG#STANDING,2,pretrain,13,0.0220148917287588,0.0256174858659505
SAMSUNG#STANDING,2,pretrain,14,0.0208339653909206,0.0260285921394824
SAMSUNG#STANDING,2,pretrain,15,0.0195650774985551,0.0266764238476753
SAMSUNG#STANDING,2,pretrain,16,0.0186073742806911,0.0256525389850139
SAMSUNG#STANDING,2,pretrain,17,0.0180312190204858,0.0272391270846128
SAMSUNG#STANDING,2,pretrain,18,0.0176787711679935,0.0280254390090703
SAMSUNG#STANDING,2,pretrain,19,0.0167047008872032,0.0272683426737785
SAMSUNG#STANDING,2,pretrain,20,0.0160997789353132,0.0306965932250022
SAMSUNG#STANDING,2,finetune,0,5.818183422088623,11.348647117614746
SAMSUNG#STANDING,2,finetune,1,1.403931975364685,7.410315990447998
SAMSUNG#STANDING,2,finetune,2,1.1184722185134888,3.629611015319824
SAMSUNG#STANDING,2,finetune,3,0.9806064367294312,1.93766450881958
SAMSUNG#STANDING,2,finetune,4,0.944655418395996,0.9842172861099244
SAMSUNG#STANDING,2,finetune,5,0.7689645886421204,0.5698085427284241
SAMSUNG#STANDING,2,finetune,6,0.7466658353805542,0.2426508963108062
SAMSUNG#STANDING,2,finetune,7,0.6829649806022644,0.265728086233139
SAMSUNG#STANDING,2,finetune,8,0.6605772376060486,0.3939371705055237
SAMSUNG#STANDING,2,finetune,9,0.6222648620605469,0.1858233213424682
SAMSUNG#STANDING,2,finetune,10,0.5746951699256897,0.2722678482532501
SAMSUNG#STANDING,2,finetune,11,0.5522271990776062,0.2029512673616409
SAMSUNG#STANDING,2,finetune,12,0.551507830619812,0.307887852191925
SAMSUNG#STANDING,2,finetune,13,0.5641690492630005,0.2782328426837921
SAMSUNG#STANDING,2,finetune,14,0.5144375562667847,0.2026474475860595
SAMSUNG#STANDING,2,finetune,15,0.4870301187038421,0.2996982634067535
SAMSUNG#STANDING,2,finetune,16,0.474787563085556,0.1495798528194427
SAMSUNG#STANDING,2,finetune,17,0.4402380883693695,0.3464062809944153
SAMSUNG#STANDING,2,finetune,18,0.4799359142780304,0.2987640798091888
SAMSUNG#STANDING,2,finetune,19,0.4384310841560364,0.1764609068632125
SAMSUNG#STANDING,2,finetune,20,0.4486365616321563,0.2329809665679931
SAMSUNG#STANDING,2,finetune,21,0.4484507143497467,0.1839269697666168
SAMSUNG#STANDING,2,finetune,22,0.4086912870407104,0.2017964422702789
SAMSUNG#STANDING,2,finetune,23,0.3965947329998016,0.2264761626720428
SAMSUNG#STANDING,2,finetune,24,0.4144494533538818,0.1980492174625396
SAMSUNG#STANDING,3,pretrain,0,0.2095903754234314,0.8337670564651489
SAMSUNG#STANDING,3,pretrain,1,0.0513399951159954,0.6804158091545105
SAMSUNG#STANDING,3,pretrain,2,0.0405024029314518,0.5069670081138611
SAMSUNG#STANDING,3,pretrain,3,0.0358357727527618,0.3442341387271881
SAMSUNG#STANDING,3,pretrain,4,0.032908733934164,0.2121677994728088
SAMSUNG#STANDING,3,pretrain,5,0.0307089909911155,0.1277487128973007
SAMSUNG#STANDING,3,pretrain,6,0.0288736689835786,0.0788929387927055
SAMSUNG#STANDING,3,pretrain,7,0.0273153465241193,0.0525261685252189
SAMSUNG#STANDING,3,pretrain,8,0.0258226655423641,0.0405713841319084
SAMSUNG#STANDING,3,pretrain,9,0.0245413780212402,0.0359718576073646
SAMSUNG#STANDING,3,pretrain,10,0.0233851801604032,0.0329469889402389
SAMSUNG#STANDING,3,pretrain,11,0.0222428068518638,0.0328637734055519
SAMSUNG#STANDING,3,pretrain,12,0.021198196336627,0.0322340056300163
SAMSUNG#STANDING,3,pretrain,13,0.0201610866934061,0.032300230115652
SAMSUNG#STANDING,3,pretrain,14,0.0193496141582727,0.0330666378140449
SAMSUNG#STANDING,3,pretrain,15,0.0186490342020988,0.0311078950762748
SAMSUNG#STANDING,3,pretrain,16,0.017894135788083,0.0314639098942279
SAMSUNG#STANDING,3,pretrain,17,0.0180356539785861,0.0339542403817176
SAMSUNG#STANDING,3,pretrain,18,0.0178559496998786,0.0312783308327198
SAMSUNG#STANDING,3,pretrain,19,0.0169264357537031,0.0325305871665477
SAMSUNG#STANDING,3,pretrain,20,0.0161040779203176,0.0299272239208221
SAMSUNG#STANDING,3,pretrain,21,0.0154835199937224,0.0322094336152076
SAMSUNG#STANDING,3,pretrain,22,0.0142767429351806,0.0285320784896612
SAMSUNG#STANDING,3,pretrain,23,0.0132435355335474,0.028713084757328
SAMSUNG#STANDING,3,pretrain,24,0.0128801316022872,0.0280335862189531
SAMSUNG#STANDING,3,pretrain,25,0.0124000338837504,0.0279285404831171
SAMSUNG#STANDING,3,pretrain,26,0.0119928075000643,0.0285495948046445
SAMSUNG#STANDING,3,pretrain,27,0.0116826929152011,0.0263827592134475
SAMSUNG#STANDING,3,pretrain,28,0.0114227412268519,0.0267935767769813
SAMSUNG#STANDING,3,pretrain,29,0.0114675322547554,0.0278705712407827
SAMSUNG#STANDING,3,finetune,0,5.758265972137451,8.085930824279785
SAMSUNG#STANDING,3,finetune,1,1.4795434474945068,4.140533924102783
SAMSUNG#STANDING,3,finetune,2,1.1547931432724,2.137661933898926
SAMSUNG#STANDING,3,finetune,3,0.9851083159446716,1.2562673091888428
SAMSUNG#STANDING,3,finetune,4,0.907725751399994,0.6688807606697083
SAMSUNG#STANDING,3,finetune,5,0.7781749367713928,0.3233139812946319
SAMSUNG#STANDING,3,finetune,6,0.7652361989021301,0.2210449427366256
SAMSUNG#STANDING,3,finetune,7,0.6280897855758667,0.2894097864627838
SAMSUNG#STANDING,3,finetune,8,0.648299515247345,0.2665184438228607
SAMSUNG#STANDING,3,finetune,9,0.6175018548965454,0.2488471269607544
SAMSUNG#STANDING,3,finetune,10,0.5717607140541077,0.1944074779748916
SAMSUNG#STANDING,3,finetune,11,0.5900750160217285,0.2042352259159088
SAMSUNG#STANDING,3,finetune,12,0.5248143076896667,0.2227582782506942
SAMSUNG#STANDING,3,finetune,13,0.5240492224693298,0.1705906689167022
SAMSUNG#STANDING,3,finetune,14,0.4791231155395508,0.1666583120822906
SAMSUNG#STANDING,3,finetune,15,0.5178259611129761,0.1606251448392868
SAMSUNG#STANDING,3,finetune,16,0.4655424058437347,0.1518294364213943
SAMSUNG#STANDING,3,finetune,17,0.471508651971817,0.1439654678106308
SAMSUNG#STANDING,3,finetune,18,0.467829018831253,0.1751989126205444
SAMSUNG#STANDING,3,finetune,19,0.4703281223773956,0.1719290912151336
SAMSUNG#STANDING,3,finetune,20,0.4361865520477295,0.1389860212802887
SAMSUNG#STANDING,3,finetune,21,0.4480365514755249,0.1474522203207016
SAMSUNG#STANDING,3,finetune,22,0.4172608256340027,0.1531296223402023
SAMSUNG#STANDING,3,finetune,23,0.4237031936645508,0.1403650194406509
SAMSUNG#STANDING,3,finetune,24,0.4067504405975342,0.1875402480363845
SAMSUNG#STANDING,3,finetune,25,0.4052270054817199,0.1562696546316146
SAMSUNG#STANDING,3,finetune,26,0.372441291809082,0.2204028367996215
SAMSUNG#STANDING,3,finetune,27,0.3806798756122589,0.1301201283931732
SAMSUNG#STANDING,3,finetune,28,0.3745568096637726,0.143248826265335
SAMSUNG#STANDING,3,finetune,29,0.3861309587955475,0.1638087779283523
SAMSUNG#STANDING,3,finetune,30,0.3781655728816986,0.1107207238674163
SAMSUNG#STANDING,3,finetune,31,0.3679046332836151,0.1302069723606109
SAMSUNG#STANDING,3,finetune,32,0.3968496918678283,0.1335340589284896
SAMSUNG#STANDING,3,finetune,33,0.3814753592014313,0.126734584569931
SAMSUNG#STANDING,3,finetune,34,0.3774817883968353,0.1587817370891571
SAMSUNG#STANDING,3,finetune,35,0.3506429195404053,0.1328364610671997
SAMSUNG#STANDING,3,finetune,36,0.3636035025119781,0.1342960447072982
SAMSUNG#STANDING,3,finetune,37,0.3286780714988708,0.115044467151165
SAMSUNG#STANDING,3,finetune,38,0.3528563976287842,0.1109145656228065
SAMSUNG#STANDING,4,pretrain,0,0.1318285018205642,0.7682663202285767
SAMSUNG#STANDING,4,pretrain,1,0.044556725770235,0.6142482757568359
SAMSUNG#STANDING,4,pretrain,2,0.0373658277094364,0.4763746261596679
SAMSUNG#STANDING,4,pretrain,3,0.0335699878633022,0.3446793258190155
SAMSUNG#STANDING,4,pretrain,4,0.0307275056838989,0.2432373464107513
SAMSUNG#STANDING,4,pretrain,5,0.0284951273351907,0.1654354333877563
SAMSUNG#STANDING,4,pretrain,6,0.0266913846135139,0.1133569329977035
SAMSUNG#STANDING,4,pretrain,7,0.0250114705413579,0.0738425627350807
SAMSUNG#STANDING,4,pretrain,8,0.0236244648694992,0.0593194775283336
SAMSUNG#STANDING,4,pretrain,9,0.0226750485599041,0.0390072017908096
SAMSUNG#STANDING,4,pretrain,10,0.0216055065393447,0.0362591966986656
SAMSUNG#STANDING,4,pretrain,11,0.0202854294329881,0.0319672264158725
SAMSUNG#STANDING,4,pretrain,12,0.0189863927662372,0.0280137322843074
SAMSUNG#STANDING,4,pretrain,13,0.0180080905556678,0.0277074892073869
SAMSUNG#STANDING,4,pretrain,14,0.0164668280631303,0.0260149165987968
SAMSUNG#STANDING,4,pretrain,15,0.01519694365561,0.0249163061380386
SAMSUNG#STANDING,4,pretrain,16,0.0146468710154294,0.025287615135312
SAMSUNG#STANDING,4,pretrain,17,0.0139313023537397,0.0265634655952453
SAMSUNG#STANDING,4,pretrain,18,0.0135175874456763,0.025227477774024
SAMSUNG#STANDING,4,pretrain,19,0.0126858940348029,0.0233119335025548
SAMSUNG#STANDING,4,pretrain,20,0.0123893208801746,0.0224564932286739
SAMSUNG#STANDING,4,pretrain,21,0.0120677025988698,0.024257319048047
SAMSUNG#STANDING,4,pretrain,22,0.0114753460511565,0.0234907865524292
SAMSUNG#STANDING,4,pretrain,23,0.0111825698986649,0.0228481981903314
SAMSUNG#STANDING,4,pretrain,24,0.0113616669550538,0.0242083668708801
SAMSUNG#STANDING,4,pretrain,25,0.0111969104036688,0.0227545201778411
SAMSUNG#STANDING,4,pretrain,26,0.0104410853236913,0.0213985573500394
SAMSUNG#STANDING,4,pretrain,27,0.0096298307180404,0.0214243344962596
SAMSUNG#STANDING,4,pretrain,28,0.008970939554274,0.0205932594835758
SAMSUNG#STANDING,4,pretrain,29,0.008790785446763,0.0201753135770559
SAMSUNG#STANDING,4,finetune,0,5.3810715675354,11.014534950256348
SAMSUNG#STANDING,4,finetune,1,1.3469927310943604,7.583317279815674
SAMSUNG#STANDING,4,finetune,2,1.161202907562256,3.178733587265014
SAMSUNG#STANDING,4,finetune,3,0.9531770944595336,2.0084848403930664
SAMSUNG#STANDING,4,finetune,4,0.8455268144607544,0.6996080875396729
SAMSUNG#STANDING,4,finetune,5,0.7590065598487854,0.4533169567584991
SAMSUNG#STANDING,4,finetune,6,0.7303917407989502,0.3345867991447449
SAMSUNG#STANDING,4,finetune,7,0.6956459879875183,0.2613151967525482
SAMSUNG#STANDING,4,finetune,8,0.6274532675743103,0.1862052530050277
SAMSUNG#STANDING,4,finetune,9,0.5636541843414307,0.1998064517974853
SAMSUNG#STANDING,4,finetune,10,0.5850518345832825,0.1412903070449829
SAMSUNG#STANDING,4,finetune,11,0.5562649369239807,0.1336756199598312
SAMSUNG#STANDING,4,finetune,12,0.5178316831588745,0.1192039251327514
SAMSUNG#STANDING,4,finetune,13,0.5289503335952759,0.1433698236942291
SAMSUNG#STANDING,4,finetune,14,0.4763962924480438,0.1467535197734832
SAMSUNG#STANDING,4,finetune,15,0.4747318923473358,0.1360957324504852
SAMSUNG#STANDING,4,finetune,16,0.431031197309494,0.1423198580741882
SAMSUNG#STANDING,4,finetune,17,0.4721080064773559,0.1105168908834457
SAMSUNG#STANDING,4,finetune,18,0.4435976147651672,0.1218908354640007
SAMSUNG#STANDING,4,finetune,19,0.4556397199630737,0.1406182199716568
SAMSUNG#STANDING,4,finetune,20,0.4403449296951294,0.096372440457344
SAMSUNG#STANDING,4,finetune,21,0.422844648361206,0.1434919685125351
SAMSUNG#STANDING,4,finetune,22,0.4004847705364227,0.1958953142166137
SAMSUNG#STANDING,4,finetune,23,0.427234798669815,0.1164026260375976
SAMSUNG#STANDING,4,finetune,24,0.3993414044380188,0.1154682114720344
SAMSUNG#STANDING,4,finetune,25,0.403356671333313,0.1189587041735649
SAMSUNG#STANDING,4,finetune,26,0.3906871080398559,0.1268051415681839
SAMSUNG#STANDING,4,finetune,27,0.3808750510215759,0.1131324842572212
SAMSUNG#STANDING,4,finetune,28,0.3691891431808471,0.1425972431898117
SAMSUNG#TRIPOD,0,pretrain,0,0.1481827348470688,0.7648829221725464
SAMSUNG#TRIPOD,0,pretrain,1,0.0392137616872787,0.6295062899589539
SAMSUNG#TRIPOD,0,pretrain,2,0.0322185568511486,0.4873558282852173
SAMSUNG#TRIPOD,0,pretrain,3,0.0288570784032344,0.3551154434680938
SAMSUNG#TRIPOD,0,pretrain,4,0.0265809502452611,0.2450735121965408
SAMSUNG#TRIPOD,0,pretrain,5,0.0248887650668621,0.1630447059869766
SAMSUNG#TRIPOD,0,pretrain,6,0.0234511923044919,0.1027841791510582
SAMSUNG#TRIPOD,0,pretrain,7,0.022330267354846,0.0726915597915649
SAMSUNG#TRIPOD,0,pretrain,8,0.0212385039776563,0.0483633466064929
SAMSUNG#TRIPOD,0,pretrain,9,0.020347524434328,0.0374863818287849
SAMSUNG#TRIPOD,0,pretrain,10,0.0197128728032112,0.0314767025411129
SAMSUNG#TRIPOD,0,pretrain,11,0.0193380620330572,0.0298496428877115
SAMSUNG#TRIPOD,0,pretrain,12,0.0187159683555364,0.0268991105258464
SAMSUNG#TRIPOD,0,pretrain,13,0.017951613292098,0.0276949387043714
SAMSUNG#TRIPOD,0,pretrain,14,0.0169669184833765,0.0274277571588754
SAMSUNG#TRIPOD,0,pretrain,15,0.0167647749185562,0.0257827620953321
SAMSUNG#TRIPOD,0,pretrain,16,0.016180707141757,0.0266305990517139
SAMSUNG#TRIPOD,0,pretrain,17,0.0154952220618724,0.0269941017031669
SAMSUNG#TRIPOD,0,pretrain,18,0.0147409224882721,0.0258454270660877
SAMSUNG#TRIPOD,0,pretrain,19,0.014134899713099,0.0261584687978029
SAMSUNG#TRIPOD,0,pretrain,20,0.0139976069331169,0.0253147780895233
SAMSUNG#TRIPOD,0,pretrain,21,0.0133648002520203,0.0254229363054037
SAMSUNG#TRIPOD,0,pretrain,22,0.0129593713209033,0.0248144287616014
SAMSUNG#TRIPOD,0,pretrain,23,0.0125464294105768,0.0231772791594266
SAMSUNG#TRIPOD,0,pretrain,24,0.0119251674041152,0.0230181664228439
SAMSUNG#TRIPOD,0,pretrain,25,0.0115405330434441,0.023713843896985
SAMSUNG#TRIPOD,0,pretrain,26,0.0114778848364949,0.0229524876922369
SAMSUNG#TRIPOD,0,pretrain,27,0.0112994955852627,0.023067969828844
SAMSUNG#TRIPOD,0,pretrain,28,0.0108410594984889,0.0226951260119676
SAMSUNG#TRIPOD,0,pretrain,29,0.0107951220124959,0.0240016039460897
SAMSUNG#TRIPOD,0,finetune,0,6.746452331542969,12.21632957458496
SAMSUNG#TRIPOD,0,finetune,1,1.443260908126831,6.74632453918457
SAMSUNG#TRIPOD,0,finetune,2,1.1323617696762085,3.7177248001098633
SAMSUNG#TRIPOD,0,finetune,3,1.000921368598938,2.030832052230835
SAMSUNG#TRIPOD,0,finetune,4,0.8616759181022644,0.9294201135635376
SAMSUNG#TRIPOD,0,finetune,5,0.8179087042808533,0.5633441805839539
SAMSUNG#TRIPOD,0,finetune,6,0.7334530353546143,0.2031444907188415
SAMSUNG#TRIPOD,0,finetune,7,0.6907562613487244,0.145944133400917
SAMSUNG#TRIPOD,0,finetune,8,0.6375827193260193,0.1285735219717025
SAMSUNG#TRIPOD,0,finetune,9,0.6525983214378357,0.2378613054752349
SAMSUNG#TRIPOD,0,finetune,10,0.5902928113937378,0.1216130033135414
SAMSUNG#TRIPOD,0,finetune,11,0.5791767239570618,0.116331048309803
SAMSUNG#TRIPOD,0,finetune,12,0.556524395942688,0.1128539517521858
SAMSUNG#TRIPOD,0,finetune,13,0.5358450412750244,0.085054263472557
SAMSUNG#TRIPOD,0,finetune,14,0.4849307239055633,0.0901736691594123
SAMSUNG#TRIPOD,0,finetune,15,0.4967674016952514,0.0949583351612091
SAMSUNG#TRIPOD,0,finetune,16,0.4556942582130432,0.0797493085265159
SAMSUNG#TRIPOD,0,finetune,17,0.5067753195762634,0.1062470450997352
SAMSUNG#TRIPOD,0,finetune,18,0.4650394022464752,0.0833697393536567
SAMSUNG#TRIPOD,0,finetune,19,0.4451102316379547,0.1412658989429474
SAMSUNG#TRIPOD,0,finetune,20,0.4501839876174927,0.0810021683573722
SAMSUNG#TRIPOD,0,finetune,21,0.4543094336986542,0.0691317021846771
SAMSUNG#TRIPOD,0,finetune,22,0.4315527975559234,0.0922447219491005
SAMSUNG#TRIPOD,0,finetune,23,0.427158921957016,0.1084944382309913
SAMSUNG#TRIPOD,0,finetune,24,0.4081056416034698,0.0850857570767402
SAMSUNG#TRIPOD,0,finetune,25,0.4191241860389709,0.069433107972145
SAMSUNG#TRIPOD,0,finetune,26,0.3968850970268249,0.0870210602879524
SAMSUNG#TRIPOD,0,finetune,27,0.4148780405521393,0.0710516721010208
SAMSUNG#TRIPOD,0,finetune,28,0.4069810509681701,0.0668911784887313
SAMSUNG#TRIPOD,0,finetune,29,0.3887039124965668,0.0742838084697723
SAMSUNG#TRIPOD,0,finetune,30,0.3786822557449341,0.0711078941822052
SAMSUNG#TRIPOD,0,finetune,31,0.3800060749053955,0.0723903626203537
SAMSUNG#TRIPOD,0,finetune,32,0.3741908073425293,0.0780402645468711
SAMSUNG#TRIPOD,0,finetune,33,0.3451359272003174,0.0740082114934921
SAMSUNG#TRIPOD,0,finetune,34,0.340677410364151,0.0593927912414073
SAMSUNG#TRIPOD,0,finetune,35,0.3504283726215362,0.0639193579554557
SAMSUNG#TRIPOD,0,finetune,36,0.3870982527732849,0.0683600977063179
SAMSUNG#TRIPOD,0,finetune,37,0.3324780464172363,0.0625756680965423
SAMSUNG#TRIPOD,0,finetune,38,0.345047116279602,0.0601259060204029
SAMSUNG#TRIPOD,0,finetune,39,0.3585690855979919,0.0792700946331024
SAMSUNG#TRIPOD,1,pretrain,0,0.1428785771131515,0.7826635837554932
SAMSUNG#TRIPOD,1,pretrain,1,0.0414478816092014,0.6309799551963806
SAMSUNG#TRIPOD,1,pretrain,2,0.0343107357621192,0.4886222779750824
SAMSUNG#TRIPOD,1,pretrain,3,0.0306117013096809,0.3500347137451172
SAMSUNG#TRIPOD,1,pretrain,4,0.0280956979840993,0.2300406098365783
SAMSUNG#TRIPOD,1,pretrain,5,0.0262676905840635,0.1471351832151413
SAMSUNG#TRIPOD,1,pretrain,6,0.0247551407665014,0.0933427587151527
SAMSUNG#TRIPOD,1,pretrain,7,0.0234381835907697,0.0619073919951915
SAMSUNG#TRIPOD,1,pretrain,8,0.0224874448031187,0.0456079877912998
SAMSUNG#TRIPOD,1,pretrain,9,0.0214839074760675,0.0380165427923202
SAMSUNG#TRIPOD,1,pretrain,10,0.0206576082855463,0.0338716134428978
SAMSUNG#TRIPOD,1,pretrain,11,0.0204761233180761,0.0304540693759918
SAMSUNG#TRIPOD,1,pretrain,12,0.0198867712169885,0.029455654323101
SAMSUNG#TRIPOD,1,pretrain,13,0.0191603694111108,0.0295833051204681
SAMSUNG#TRIPOD,1,pretrain,14,0.0185684412717819,0.029578423127532
SAMSUNG#TRIPOD,1,pretrain,15,0.0181239619851112,0.0291235856711864
SAMSUNG#TRIPOD,1,pretrain,16,0.0173512529581785,0.0294414889067411
SAMSUNG#TRIPOD,1,pretrain,17,0.0170713402330875,0.0289029665291309
SAMSUNG#TRIPOD,1,pretrain,18,0.0163619890809059,0.0282481219619512
SAMSUNG#TRIPOD,1,pretrain,19,0.0158685371279716,0.0294525567442178
SAMSUNG#TRIPOD,1,pretrain,20,0.0157721024006605,0.0284540429711341
SAMSUNG#TRIPOD,1,pretrain,21,0.0153115401044487,0.0285231042653322
SAMSUNG#TRIPOD,1,pretrain,22,0.0145234884694218,0.0284043028950691
SAMSUNG#TRIPOD,1,pretrain,23,0.0137283522635698,0.0285140462219715
SAMSUNG#TRIPOD,1,pretrain,24,0.0128292813897132,0.028356596827507
SAMSUNG#TRIPOD,1,pretrain,25,0.0122153218835592,0.0284569207578897
SAMSUNG#TRIPOD,1,pretrain,26,0.0116512291133403,0.028151161968708
SAMSUNG#TRIPOD,1,pretrain,27,0.0116214463487267,0.0274774115532636
SAMSUNG#TRIPOD,1,pretrain,28,0.0115985553711652,0.0280366670340299
SAMSUNG#TRIPOD,1,pretrain,29,0.0113748535513877,0.0283538270741701
SAMSUNG#TRIPOD,1,finetune,0,5.822550296783447,12.2745943069458
SAMSUNG#TRIPOD,1,finetune,1,1.4584882259368896,8.792545318603516
SAMSUNG#TRIPOD,1,finetune,2,1.0629795789718628,4.283332824707031
SAMSUNG#TRIPOD,1,finetune,3,0.9168386459350586,2.1551501750946045
SAMSUNG#TRIPOD,1,finetune,4,0.8162838220596313,1.1584155559539795
SAMSUNG#TRIPOD,1,finetune,5,0.7199751138687134,0.4281218349933624
SAMSUNG#TRIPOD,1,finetune,6,0.6713520884513855,0.3907294273376465
SAMSUNG#TRIPOD,1,finetune,7,0.6098722815513611,0.1517721563577652
SAMSUNG#TRIPOD,1,finetune,8,0.5849878787994385,0.147377997636795
SAMSUNG#TRIPOD,1,finetune,9,0.5493560433387756,0.1431194990873336
SAMSUNG#TRIPOD,1,finetune,10,0.5233742594718933,0.2094789147377014
SAMSUNG#TRIPOD,1,finetune,11,0.4749820828437805,0.111825056374073
SAMSUNG#TRIPOD,1,finetune,12,0.4903079867362976,0.1347288489341735
SAMSUNG#TRIPOD,1,finetune,13,0.5029730796813965,0.1812964975833892
SAMSUNG#TRIPOD,1,finetune,14,0.4545358717441559,0.1176576912403106
SAMSUNG#TRIPOD,1,finetune,15,0.4481121301651001,0.1923092007637024
SAMSUNG#TRIPOD,1,finetune,16,0.4393548369407654,0.1109174713492393
SAMSUNG#TRIPOD,1,finetune,17,0.4192512035369873,0.1580849438905716
SAMSUNG#TRIPOD,1,finetune,18,0.3921045958995819,0.1065989956259727
SAMSUNG#TRIPOD,1,finetune,19,0.414682537317276,0.1030284315347671
SAMSUNG#TRIPOD,1,finetune,20,0.4120238423347473,0.0769488811492919
SAMSUNG#TRIPOD,1,finetune,21,0.4346186816692352,0.1338099837303161
SAMSUNG#TRIPOD,1,finetune,22,0.4131163954734802,0.1440521627664566
SAMSUNG#TRIPOD,1,finetune,23,0.3791033029556274,0.109823390841484
SAMSUNG#TRIPOD,1,finetune,24,0.3704922795295715,0.1134230494499206
SAMSUNG#TRIPOD,1,finetune,25,0.3660109937191009,0.094881348311901
SAMSUNG#TRIPOD,1,finetune,26,0.3649085462093353,0.107855848968029
SAMSUNG#TRIPOD,1,finetune,27,0.3778395652770996,0.08648531883955
SAMSUNG#TRIPOD,1,finetune,28,0.3720093369483948,0.0842823237180709
SAMSUNG#TRIPOD,2,pretrain,0,0.1799561083316803,0.7756450772285461
SAMSUNG#TRIPOD,2,pretrain,1,0.0455910712480545,0.629252552986145
SAMSUNG#TRIPOD,2,pretrain,2,0.0364364869892597,0.4883602559566498
SAMSUNG#TRIPOD,2,pretrain,3,0.0316138453781604,0.3492604196071625
SAMSUNG#TRIPOD,2,pretrain,4,0.0285894162952899,0.2324719130992889
SAMSUNG#TRIPOD,2,pretrain,5,0.0265293810516595,0.1436059921979904
SAMSUNG#TRIPOD,2,pretrain,6,0.0248741786926984,0.0923409461975097
SAMSUNG#TRIPOD,2,pretrain,7,0.0235160589218139,0.0595637932419776
SAMSUNG#TRIPOD,2,pretrain,8,0.0223405100405216,0.0438969619572162
SAMSUNG#TRIPOD,2,pretrain,9,0.0213975273072719,0.0344960242509841
SAMSUNG#TRIPOD,2,pretrain,10,0.0203823056071996,0.030229415744543
SAMSUNG#TRIPOD,2,pretrain,11,0.0196407418698072,0.0286726281046867
SAMSUNG#TRIPOD,2,pretrain,12,0.0189436487853527,0.0286755952984094
SAMSUNG#TRIPOD,2,pretrain,13,0.0186410266906023,0.0296758469194173
SAMSUNG#TRIPOD,2,pretrain,14,0.0180467702448368,0.0293988231569528
SAMSUNG#TRIPOD,2,pretrain,15,0.0181567147374153,0.0285563394427299
SAMSUNG#TRIPOD,2,pretrain,16,0.017053885385394,0.0294814407825469
SAMSUNG#TRIPOD,2,pretrain,17,0.0158208683133125,0.0269405860453844
SAMSUNG#TRIPOD,2,pretrain,18,0.0151695506647229,0.0272869002074003
SAMSUNG#TRIPOD,2,pretrain,19,0.0149589953944087,0.0274004768580198
SAMSUNG#TRIPOD,2,pretrain,20,0.0145212532952427,0.0296207778155803
SAMSUNG#TRIPOD,2,pretrain,21,0.0148185556754469,0.0268621277064085
SAMSUNG#TRIPOD,2,pretrain,22,0.0139806056395173,0.0260265283286571
SAMSUNG#TRIPOD,2,pretrain,23,0.0138114625588059,0.0262550916522741
SAMSUNG#TRIPOD,2,pretrain,24,0.0136049902066588,0.0277732741087675
SAMSUNG#TRIPOD,2,pretrain,25,0.0128317438066005,0.0252286717295646
SAMSUNG#TRIPOD,2,pretrain,26,0.0121625130996108,0.0239032451063394
SAMSUNG#TRIPOD,2,pretrain,27,0.0119447773322463,0.023507235571742
SAMSUNG#TRIPOD,2,pretrain,28,0.01169896684587,0.0231700334697961
SAMSUNG#TRIPOD,2,pretrain,29,0.0118080619722604,0.0239776130765676
SAMSUNG#TRIPOD,2,finetune,0,5.240971565246582,10.810993194580078
SAMSUNG#TRIPOD,2,finetune,1,1.358862042427063,5.025043487548828
SAMSUNG#TRIPOD,2,finetune,2,1.0985150337219238,3.3677046298980717
SAMSUNG#TRIPOD,2,finetune,3,0.8886815905570984,1.803771495819092
SAMSUNG#TRIPOD,2,finetune,4,0.8203374743461609,0.8992217183113098
SAMSUNG#TRIPOD,2,finetune,5,0.7528414130210876,0.3746069967746734
SAMSUNG#TRIPOD,2,finetune,6,0.7055658102035522,0.3338507413864136
SAMSUNG#TRIPOD,2,finetune,7,0.6526123285293579,0.2066250443458557
SAMSUNG#TRIPOD,2,finetune,8,0.5741754174232483,0.1999627202749252
SAMSUNG#TRIPOD,2,finetune,9,0.5819216966629028,0.1235223934054374
SAMSUNG#TRIPOD,2,finetune,10,0.5875641107559204,0.17323799431324
SAMSUNG#TRIPOD,2,finetune,11,0.5226624608039856,0.1378321945667266
SAMSUNG#TRIPOD,2,finetune,12,0.4960549771785736,0.1925691068172454
SAMSUNG#TRIPOD,2,finetune,13,0.4855616986751556,0.1731627285480499
SAMSUNG#TRIPOD,2,finetune,14,0.4962552487850189,0.1160845980048179
SAMSUNG#TRIPOD,2,finetune,15,0.4883570373058319,0.1626595854759216
SAMSUNG#TRIPOD,2,finetune,16,0.4665663242340088,0.1678573489189148
SAMSUNG#TRIPOD,2,finetune,17,0.4382451772689819,0.1630159020423889
SAMSUNG#TRIPOD,2,finetune,18,0.4282716810703277,0.1135551854968071
SAMSUNG#TRIPOD,2,finetune,19,0.4272296130657196,0.1474595665931701
SAMSUNG#TRIPOD,2,finetune,20,0.4213427007198334,0.1213447079062461
SAMSUNG#TRIPOD,2,finetune,21,0.4055153131484985,0.1359454840421676
SAMSUNG#TRIPOD,2,finetune,22,0.392277717590332,0.073586568236351
SAMSUNG#TRIPOD,2,finetune,23,0.3905684053897857,0.096516877412796
SAMSUNG#TRIPOD,2,finetune,24,0.3732586503028869,0.0915458500385284
SAMSUNG#TRIPOD,2,finetune,25,0.3688514530658722,0.0787276625633239
SAMSUNG#TRIPOD,2,finetune,26,0.3619704842567444,0.079770840704441
SAMSUNG#TRIPOD,2,finetune,27,0.3799458146095276,0.0688997432589531
SAMSUNG#TRIPOD,2,finetune,28,0.3915221095085144,0.1161172688007354
SAMSUNG#TRIPOD,2,finetune,29,0.3745681643486023,0.0984696894884109
SAMSUNG#TRIPOD,2,finetune,30,0.3562302589416504,0.1045378968119621
SAMSUNG#TRIPOD,2,finetune,31,0.3500020503997803,0.079659029841423
SAMSUNG#TRIPOD,2,finetune,32,0.37542924284935,0.101362869143486
SAMSUNG#TRIPOD,2,finetune,33,0.3424077928066253,0.0814048275351524
SAMSUNG#TRIPOD,2,finetune,34,0.3268583416938782,0.1237551867961883
SAMSUNG#TRIPOD,2,finetune,35,0.3407232165336609,0.0796670094132423
SAMSUNG#TRIPOD,3,pretrain,0,0.2015683650970459,0.8286494612693787
SAMSUNG#TRIPOD,3,pretrain,1,0.0483904033899307,0.679175853729248
SAMSUNG#TRIPOD,3,pretrain,2,0.0384970530867576,0.507817804813385
SAMSUNG#TRIPOD,3,pretrain,3,0.0337542742490768,0.3412882089614868
SAMSUNG#TRIPOD,3,pretrain,4,0.0307051893323659,0.2127011120319366
SAMSUNG#TRIPOD,3,pretrain,5,0.0285295061767101,0.1245965287089347
SAMSUNG#TRIPOD,3,pretrain,6,0.026790527626872,0.0723575577139854
SAMSUNG#TRIPOD,3,pretrain,7,0.0253736320883035,0.0458070151507854
SAMSUNG#TRIPOD,3,pretrain,8,0.0241182949393987,0.0331821031868457
SAMSUNG#TRIPOD,3,pretrain,9,0.0229939278215169,0.0284352023154497
SAMSUNG#TRIPOD,3,pretrain,10,0.0219702739268541,0.0272174160927534
SAMSUNG#TRIPOD,3,pretrain,11,0.0210781376808881,0.0273080039769411
SAMSUNG#TRIPOD,3,pretrain,12,0.0202647801488637,0.0273566413670778
SAMSUNG#TRIPOD,3,pretrain,13,0.0195255745202302,0.0287008099257946
SAMSUNG#TRIPOD,3,pretrain,14,0.0190081931650638,0.0299815349280834
SAMSUNG#TRIPOD,3,pretrain,15,0.0190999917685985,0.028610523790121
SAMSUNG#TRIPOD,3,pretrain,16,0.0182987134903669,0.0311747770756483
SAMSUNG#TRIPOD,3,pretrain,17,0.0183605421334505,0.0324821323156356
SAMSUNG#TRIPOD,3,pretrain,18,0.0174933243542909,0.0322071388363838
SAMSUNG#TRIPOD,3,finetune,0,6.000268936157227,9.825687408447266
SAMSUNG#TRIPOD,3,finetune,1,1.5099226236343384,4.995302200317383
SAMSUNG#TRIPOD,3,finetune,2,1.168746829032898,3.042955160140991
SAMSUNG#TRIPOD,3,finetune,3,1.041437029838562,1.4810748100280762
SAMSUNG#TRIPOD,3,finetune,4,0.8947296142578125,0.8793084621429443
SAMSUNG#TRIPOD,3,finetune,5,0.8012822270393372,0.4547865688800812
SAMSUNG#TRIPOD,3,finetune,6,0.7597146034240723,0.3002794682979584
SAMSUNG#TRIPOD,3,finetune,7,0.6908631920814514,0.2941378653049469
SAMSUNG#TRIPOD,3,finetune,8,0.6367160081863403,0.2887877523899078
SAMSUNG#TRIPOD,3,finetune,9,0.6296027898788452,0.2308539003133773
SAMSUNG#TRIPOD,3,finetune,10,0.5960009098052979,0.1772793382406234
SAMSUNG#TRIPOD,3,finetune,11,0.5699619650840759,0.1158291921019554
SAMSUNG#TRIPOD,3,finetune,12,0.556951105594635,0.1933659464120865
SAMSUNG#TRIPOD,3,finetune,13,0.5007837414741516,0.1389486640691757
SAMSUNG#TRIPOD,3,finetune,14,0.4990860819816589,0.0896458104252815
SAMSUNG#TRIPOD,3,finetune,15,0.496660977602005,0.1533924788236618
SAMSUNG#TRIPOD,3,finetune,16,0.4732071161270141,0.1433082818984985
SAMSUNG#TRIPOD,3,finetune,17,0.4819386601448059,0.1159796640276908
SAMSUNG#TRIPOD,3,finetune,18,0.4525365531444549,0.1570395827293396
SAMSUNG#TRIPOD,3,finetune,19,0.4684082865715027,0.1079405173659324
SAMSUNG#TRIPOD,3,finetune,20,0.4224343299865722,0.1039336919784545
SAMSUNG#TRIPOD,3,finetune,21,0.449260801076889,0.148164764046669
SAMSUNG#TRIPOD,3,finetune,22,0.4269924759864807,0.1417995542287826
SAMSUNG#TRIPOD,4,pretrain,0,0.1302913278341293,0.8042082786560059
SAMSUNG#TRIPOD,4,pretrain,1,0.0430887266993522,0.6347766518592834
SAMSUNG#TRIPOD,4,pretrain,2,0.0365464799106121,0.4798835813999176
SAMSUNG#TRIPOD,4,pretrain,3,0.0328964963555336,0.3490457236766815
SAMSUNG#TRIPOD,4,pretrain,4,0.030175544321537,0.2439321428537368
SAMSUNG#TRIPOD,4,pretrain,5,0.0280192848294973,0.1622329950332641
SAMSUNG#TRIPOD,4,pretrain,6,0.0262524206191301,0.1051462963223457
SAMSUNG#TRIPOD,4,pretrain,7,0.0247303433716297,0.0650392398238182
SAMSUNG#TRIPOD,4,pretrain,8,0.0231401156634092,0.0464628972113132
SAMSUNG#TRIPOD,4,pretrain,9,0.021865302696824,0.0322283878922462
SAMSUNG#TRIPOD,4,pretrain,10,0.0207335725426673,0.0294276475906372
SAMSUNG#TRIPOD,4,pretrain,11,0.0198386162519454,0.0257431678473949
SAMSUNG#TRIPOD,4,pretrain,12,0.0192058179527521,0.0236702039837837
SAMSUNG#TRIPOD,4,pretrain,13,0.0182811524718999,0.0216921903192996
SAMSUNG#TRIPOD,4,pretrain,14,0.0178784951567649,0.0219767373055219
SAMSUNG#TRIPOD,4,pretrain,15,0.0175211038440465,0.0203904081135988
SAMSUNG#TRIPOD,4,pretrain,16,0.0166366789489984,0.0207615848630666
SAMSUNG#TRIPOD,4,pretrain,17,0.0161101669073104,0.0194327756762504
SAMSUNG#TRIPOD,4,pretrain,18,0.0154738668352365,0.0204558242112398
SAMSUNG#TRIPOD,4,pretrain,19,0.0151120834052562,0.0192191991955041
SAMSUNG#TRIPOD,4,pretrain,20,0.0146024012938141,0.019309151917696
SAMSUNG#TRIPOD,4,pretrain,21,0.0134206051006913,0.0194078255444765
SAMSUNG#TRIPOD,4,pretrain,22,0.0129407728090882,0.0185695756226778
SAMSUNG#TRIPOD,4,pretrain,23,0.0126347066834568,0.0201279837638139
SAMSUNG#TRIPOD,4,pretrain,24,0.0123454853892326,0.0180492270737886
SAMSUNG#TRIPOD,4,pretrain,25,0.01154101267457,0.0177002344280481
SAMSUNG#TRIPOD,4,pretrain,26,0.0110382372513413,0.0176088903099298
SAMSUNG#TRIPOD,4,pretrain,27,0.010729712434113,0.0175770819187164
SAMSUNG#TRIPOD,4,pretrain,28,0.0107716526836156,0.0173543877899646
SAMSUNG#TRIPOD,4,pretrain,29,0.0107413921505212,0.0178838744759559
SAMSUNG#TRIPOD,4,finetune,0,5.167053699493408,11.720126152038574
SAMSUNG#TRIPOD,4,finetune,1,1.3174494504928589,6.219026565551758
SAMSUNG#TRIPOD,4,finetune,2,1.1156235933303833,2.888275623321533
SAMSUNG#TRIPOD,4,finetune,3,0.9019952416419984,1.4541335105895996
SAMSUNG#TRIPOD,4,finetune,4,0.8419612050056458,0.7287601828575134
SAMSUNG#TRIPOD,4,finetune,5,0.7274897694587708,0.3218652009963989
SAMSUNG#TRIPOD,4,finetune,6,0.71122145652771,0.4275177419185638
SAMSUNG#TRIPOD,4,finetune,7,0.654771089553833,0.1756672114133834
SAMSUNG#TRIPOD,4,finetune,8,0.6022700071334839,0.1390884816646576
SAMSUNG#TRIPOD,4,finetune,9,0.5688350796699524,0.1410626024007797
SAMSUNG#TRIPOD,4,finetune,10,0.5341356992721558,0.1624375730752945
SAMSUNG#TRIPOD,4,finetune,11,0.5299117565155029,0.1146816685795784
SAMSUNG#TRIPOD,4,finetune,12,0.533404529094696,0.0960122272372245
SAMSUNG#TRIPOD,4,finetune,13,0.5213150978088379,0.203074038028717
SAMSUNG#TRIPOD,4,finetune,14,0.4689182937145233,0.2356790006160736
SAMSUNG#TRIPOD,4,finetune,15,0.4680080711841583,0.1519121080636978
SAMSUNG#TRIPOD,4,finetune,16,0.4389410018920898,0.1103432774543762
SAMSUNG#TRIPOD,4,finetune,17,0.4377332925796509,0.1163208782672882
SAMSUNG#TRIPOD,4,finetune,18,0.4400783777236938,0.0936044454574585
SAMSUNG#TRIPOD,4,finetune,19,0.4479219317436218,0.1191192120313644
SAMSUNG#TRIPOD,4,finetune,20,0.4262005090713501,0.0961012318730354
SAMSUNG#TRIPOD,4,finetune,21,0.3982641398906708,0.13347028195858
SAMSUNG#TRIPOD,4,finetune,22,0.4345114231109619,0.1102466359734535
SAMSUNG#TRIPOD,4,finetune,23,0.3934224843978882,0.0740046873688697
SAMSUNG#TRIPOD,4,finetune,24,0.3856739103794098,0.0884681642055511
SAMSUNG#TRIPOD,4,finetune,25,0.4045827686786651,0.0838006511330604
SAMSUNG#TRIPOD,4,finetune,26,0.3812388479709625,0.1544871628284454
SAMSUNG#TRIPOD,4,finetune,27,0.3582842051982879,0.0807697921991348
SAMSUNG#TRIPOD,4,finetune,28,0.3661926984786987,0.0831568613648414
SAMSUNG#TRIPOD,4,finetune,29,0.3988350629806518,0.0703186020255088
SAMSUNG#TRIPOD,4,finetune,30,0.3824515044689178,0.0730147957801818
SAMSUNG#TRIPOD,4,finetune,31,0.3640006184577942,0.0964582785964012
SAMSUNG#TRIPOD,4,finetune,32,0.3775973618030548,0.0895024538040161
SAMSUNG#TRIPOD,4,finetune,33,0.3609303832054138,0.0752337947487831
SAMSUNG#TRIPOD,4,finetune,34,0.3709829151630401,0.0866777524352073
SAMSUNG#TRIPOD,4,finetune,35,0.3444661200046539,0.1266327500343322
SAMSUNG#TRIPOD,4,finetune,36,0.3605355322360992,0.1074995696544647
SAMSUNG#TRIPOD,4,finetune,37,0.3276785314083099,0.0712135136127471
